Date,Participants,Training Type,Source File
05-Aug-2024,"Harper Adams, Aria Turner, Olivia Garcia, Robert Taylor, Natalie Collins, Ella White, Sarah Johnson, Andrew Ramirez, Emily Davis, Daniel Anderson, William Harris, Ryan Hill, Joshua Moore, Lily Gonzalez, Christopher Baker, Amelia Hall, Zoe Walker, Ethan Edwards, Hannah Wright, Justin Flores, James Williams, Layla Rivera, Samuel King, Chloe Carter, David Martinez, Emma Wilson, Joseph Lewis, Sophia Thomas, Matthew Nelson, Nicholas Allen, Benjamin Young, Alexander Green, Michael Brown, Abigail Scott, Isabella Clark, Anthony Mitchell, Grace Perez, Mia Lee, John Miller",Cloud Training,participation.xlsx
06-Aug-2024,"Harper Adams, Michael Brown, Emily Davis, Ryan Hill, John Miller, David Martinez, Andrew Ramirez, Aria Turner, Matthew Nelson, Joseph Lewis, Mia Lee, Lily Gonzalez, Benjamin Young, Nicholas Allen, Chloe Carter, Daniel Anderson, Samuel King, Ella White, Layla Rivera, Abigail Scott, Robert Taylor, Natalie Collins, Christopher Baker, Olivia Garcia, Joshua Moore, Sarah Johnson, Charlotte Robinson, William Harris, Grace Perez, Ethan Edwards, Isabella Clark, Amelia Hall, James Williams, Hannah Wright, Zoe Walker, Emma Wilson, Anthony Mitchell, Justin Flores, Sophia Thomas, Alexander Green",Cloud Training,participation.xlsx
07-Aug-2024,"Abigail Scott, Daniel Anderson, Samuel King, Charlotte Robinson, Sophia Thomas, David Martinez, Hannah Wright, Emily Davis, James Williams, Ethan Edwards, Layla Rivera, Isabella Clark, Sarah Johnson, Robert Taylor, Benjamin Young, Joshua Moore, Nicholas Allen, Mia Lee, Zoe Walker, Christopher Baker, Natalie Collins, Harper Adams, Grace Perez, John Miller, Andrew Ramirez, Joseph Lewis, Anthony Mitchell, Aria Turner, Justin Flores, William Harris, Ella White, Matthew Nelson, Amelia Hall, Chloe Carter",Cloud Training,participation.xlsx
08-Aug-2024,"Andrew Ramirez, Abigail Scott, David Martinez, Joshua Moore, Ethan Edwards, Ryan Hill, Sarah Johnson, William Harris, Nicholas Allen, Benjamin Young, Natalie Collins, Matthew Nelson, Layla Rivera, Grace Perez, Joseph Lewis, Christopher Baker, Lily Gonzalez, Zoe Walker, John Miller, Emma Wilson, Samuel King, Justin Flores, Anthony Mitchell, Isabella Clark, Charlotte Robinson, Michael Brown, Hannah Wright, Ella White, Harper Adams, Aria Turner, James Williams, Chloe Carter, Sophia Thomas",Cloud Training,participation.xlsx
09-Aug-2024,"Amelia Hall, Ethan Edwards, Ryan Hill, William Harris, Justin Flores, Lily Gonzalez, Sophia Thomas, Aria Turner, Hannah Wright, Olivia Garcia, John Miller, Emily Davis, Matthew Nelson, Sarah Johnson, Christopher Baker, Andrew Ramirez, Natalie Collins, Daniel Anderson, Harper Adams, Ella White, David Martinez, Mia Lee, Joseph Lewis, Nicholas Allen, Grace Perez, Samuel King, Robert Taylor, Alexander Green, Michael Brown, Chloe Carter, Zoe Walker, Joshua Moore, Benjamin Young, Abigail Scott, Anthony Mitchell, Layla Rivera, James Williams, Charlotte Robinson, Isabella Clark",Cloud Training,participation.xlsx
12-Aug-2024,"Emily Davis, Alexander Green, James Williams, Samuel King, Abigail Scott, Andrew Ramirez, Chloe Carter, Grace Perez, William Harris, Matthew Nelson, Michael Brown, Olivia Garcia, Daniel Anderson, Justin Flores, Sophia Thomas, Benjamin Young, Harper Adams, Isabella Clark, Mia Lee, Charlotte Robinson, Natalie Collins, John Miller, David Martinez, Ryan Hill, Anthony Mitchell, Sarah Johnson, Lily Gonzalez, Aria Turner, Robert Taylor, Christopher Baker, Hannah Wright, Ella White, Emma Wilson, Amelia Hall, Nicholas Allen",Cloud Training,participation.xlsx
13-Aug-2024,"Michael Brown, Emily Davis, Layla Rivera, Daniel Anderson, Chloe Carter, Abigail Scott, Mia Lee, Alexander Green, Justin Flores, Zoe Walker, Robert Taylor, Emma Wilson, Isabella Clark, Ethan Edwards, Ryan Hill, James Williams, Lily Gonzalez, Amelia Hall, Matthew Nelson, David Martinez, Sarah Johnson, William Harris, John Miller, Natalie Collins, Hannah Wright, Joshua Moore, Anthony Mitchell, Harper Adams, Nicholas Allen, Samuel King, Ella White, Sophia Thomas, Charlotte Robinson, Christopher Baker, Olivia Garcia, Benjamin Young",Cloud Training,participation.xlsx
14-Aug-2024,"Zoe Walker, Emma Wilson, Samuel King, William Harris, Mia Lee, Sarah Johnson, Abigail Scott, Grace Perez, Joshua Moore, Lily Gonzalez, Olivia Garcia, Nicholas Allen, David Martinez, Ethan Edwards, Aria Turner, Andrew Ramirez, Isabella Clark, Harper Adams, Layla Rivera, Daniel Anderson, Charlotte Robinson, Robert Taylor, Chloe Carter, Ryan Hill, James Williams, Natalie Collins, John Miller, Justin Flores, Alexander Green, Anthony Mitchell, Christopher Baker, Ella White, Amelia Hall, Matthew Nelson, Michael Brown",Cloud Training,participation.xlsx
15-Aug-2024,"Anthony Mitchell, Zoe Walker, Isabella Clark, Sarah Johnson, Joseph Lewis, Alexander Green, William Harris, Ryan Hill, Harper Adams, Ethan Edwards, Benjamin Young, Ella White, Grace Perez, Andrew Ramirez, Aria Turner, Amelia Hall, Justin Flores, Matthew Nelson, Olivia Garcia, Robert Taylor, Daniel Anderson, Michael Brown, Abigail Scott, Joshua Moore, Mia Lee, Lily Gonzalez, David Martinez, James Williams, Layla Rivera, Emma Wilson, Samuel King, Emily Davis",Cloud Training,participation.xlsx
16-Aug-2024,"Joseph Lewis, Matthew Nelson, Justin Flores, Joshua Moore, Samuel King, Hannah Wright, Christopher Baker, Daniel Anderson, Michael Brown, Natalie Collins, Olivia Garcia, Zoe Walker, Andrew Ramirez, Layla Rivera, Sophia Thomas, Chloe Carter, Aria Turner, Harper Adams, Abigail Scott, Lily Gonzalez, William Harris, John Miller, Grace Perez, Robert Taylor, David Martinez, Anthony Mitchell, James Williams, Nicholas Allen, Alexander Green, Amelia Hall, Charlotte Robinson, Ethan Edwards, Sarah Johnson, Ella White, Mia Lee, Ryan Hill, Isabella Clark, Benjamin Young",Cloud Training,participation.xlsx
19-Aug-2024,"William Harris, Justin Flores, Natalie Collins, Joshua Moore, John Miller, Daniel Anderson, Grace Perez, Robert Taylor, Hannah Wright, Nicholas Allen, Joseph Lewis, Olivia Garcia, Ryan Hill, Layla Rivera, Zoe Walker, Emma Wilson, Andrew Ramirez, James Williams, Charlotte Robinson, Ella White, Michael Brown, Samuel King, Ethan Edwards, David Martinez, Matthew Nelson, Sarah Johnson, Anthony Mitchell, Benjamin Young, Amelia Hall, Isabella Clark, Abigail Scott, Aria Turner, Chloe Carter, Sophia Thomas, Alexander Green, Christopher Baker, Mia Lee, Emily Davis, Lily Gonzalez, Harper Adams",Cloud Training,participation.xlsx
20-Aug-2024,"Matthew Nelson, Sarah Johnson, Justin Flores, William Harris, Andrew Ramirez, Ryan Hill, Emma Wilson, Alexander Green, Christopher Baker, Zoe Walker, Joshua Moore, Amelia Hall, James Williams, Robert Taylor, Charlotte Robinson, Ethan Edwards, Hannah Wright, Daniel Anderson, Emily Davis, Layla Rivera, Michael Brown, Anthony Mitchell, Olivia Garcia, Benjamin Young, Isabella Clark, Chloe Carter, Sophia Thomas, Samuel King, Ella White, Mia Lee, Aria Turner, John Miller, Natalie Collins, Harper Adams",Cloud Training,participation.xlsx
21-Aug-2024,"Ella White, Natalie Collins, Samuel King, Michael Brown, John Miller, David Martinez, Mia Lee, Charlotte Robinson, Layla Rivera, Sarah Johnson, Robert Taylor, Sophia Thomas, Benjamin Young, Hannah Wright, Aria Turner, Chloe Carter, Nicholas Allen, Ethan Edwards, Andrew Ramirez, Joshua Moore, Joseph Lewis, Abigail Scott, Grace Perez, Alexander Green, James Williams, Ryan Hill, Olivia Garcia, Anthony Mitchell, Justin Flores, Matthew Nelson, Isabella Clark, Christopher Baker, William Harris, Emily Davis, Daniel Anderson, Harper Adams, Lily Gonzalez",Cloud Training,participation.xlsx
22-Aug-2024,"Alexander Green, Joseph Lewis, Chloe Carter, Sophia Thomas, Harper Adams, Daniel Anderson, Amelia Hall, Robert Taylor, Emily Davis, Benjamin Young, Matthew Nelson, William Harris, Aria Turner, Hannah Wright, Lily Gonzalez, Nicholas Allen, Charlotte Robinson, Abigail Scott, Joshua Moore, Andrew Ramirez, David Martinez, Ryan Hill, Christopher Baker, Zoe Walker, Justin Flores, Grace Perez, Michael Brown, Ella White, Anthony Mitchell, Sarah Johnson, Natalie Collins, James Williams",Cloud Training,participation.xlsx
23-Aug-2024,"Justin Flores, Layla Rivera, Sophia Thomas, John Miller, Mia Lee, Hannah Wright, Robert Taylor, James Williams, Alexander Green, Benjamin Young, Anthony Mitchell, Daniel Anderson, Emily Davis, Samuel King, Joseph Lewis, Lily Gonzalez, Aria Turner, Zoe Walker, Natalie Collins, Abigail Scott, David Martinez, Matthew Nelson, Ethan Edwards, Andrew Ramirez, Charlotte Robinson, Sarah Johnson, Michael Brown, Christopher Baker, Nicholas Allen, Emma Wilson, Ella White, Chloe Carter, Olivia Garcia, William Harris, Grace Perez, Joshua Moore, Ryan Hill",Cloud Training,participation.xlsx
26-Aug-2024,"Joseph Lewis, Matthew Nelson, Justin Flores, Emily Davis, Abigail Scott, Anthony Mitchell, Chloe Carter, Amelia Hall, Benjamin Young, Robert Taylor, Christopher Baker, Charlotte Robinson, Hannah Wright, Daniel Anderson, Natalie Collins, Ryan Hill, Isabella Clark, Joshua Moore, Grace Perez, Andrew Ramirez, James Williams, Ella White, William Harris, Olivia Garcia, Ethan Edwards, Lily Gonzalez, Sophia Thomas, Harper Adams, Sarah Johnson, Mia Lee, Aria Turner, Nicholas Allen, Layla Rivera, Samuel King",Cloud Training,participation.xlsx
27-Aug-2024,"Joshua Moore, Alexander Green, Daniel Anderson, Sophia Thomas, Amelia Hall, Matthew Nelson, Sarah Johnson, Aria Turner, Olivia Garcia, Justin Flores, Nicholas Allen, Charlotte Robinson, David Martinez, Ella White, Zoe Walker, Harper Adams, William Harris, Samuel King, James Williams, Chloe Carter, Layla Rivera, Isabella Clark, Robert Taylor, Grace Perez, Emma Wilson, Mia Lee, Abigail Scott, John Miller, Michael Brown, Benjamin Young, Anthony Mitchell, Emily Davis, Natalie Collins",Cloud Training,participation.xlsx
28-Aug-2024,"Ethan Edwards, Abigail Scott, Emily Davis, Christopher Baker, Harper Adams, Zoe Walker, Nicholas Allen, Lily Gonzalez, Sarah Johnson, Ryan Hill, John Miller, Hannah Wright, Daniel Anderson, Isabella Clark, Sophia Thomas, Samuel King, Amelia Hall, Justin Flores, Charlotte Robinson, David Martinez, Chloe Carter, Aria Turner, Olivia Garcia, James Williams, Joshua Moore, Ella White, Joseph Lewis, Benjamin Young, Natalie Collins, Robert Taylor, Emma Wilson, Michael Brown",Cloud Training,participation.xlsx
29-Aug-2024,"Olivia Garcia, Harper Adams, David Martinez, Emma Wilson, Michael Brown, Matthew Nelson, Isabella Clark, Zoe Walker, Amelia Hall, Robert Taylor, Joshua Moore, John Miller, Chloe Carter, Lily Gonzalez, Benjamin Young, Ethan Edwards, William Harris, Anthony Mitchell, Christopher Baker, James Williams, Natalie Collins, Daniel Anderson, Nicholas Allen, Joseph Lewis, Sarah Johnson, Ryan Hill, Hannah Wright, Alexander Green, Aria Turner, Grace Perez, Mia Lee, Emily Davis, Ella White, Andrew Ramirez, Justin Flores, Layla Rivera, Abigail Scott, Charlotte Robinson",Cloud Training,participation.xlsx
30-Aug-2024,"David Martinez, Ella White, Ethan Edwards, Joshua Moore, Joseph Lewis, Nicholas Allen, Grace Perez, Natalie Collins, Olivia Garcia, Emily Davis, Robert Taylor, Lily Gonzalez, Layla Rivera, Ryan Hill, Charlotte Robinson, Hannah Wright, Justin Flores, Samuel King, Zoe Walker, Christopher Baker, Alexander Green, Mia Lee, Emma Wilson, Harper Adams, Daniel Anderson, William Harris, Abigail Scott, Isabella Clark, Aria Turner, Andrew Ramirez, Matthew Nelson, Benjamin Young, John Miller",Cloud Training,participation.xlsx
02-Sep-2024,"Emily Davis, Robert Taylor, William Harris, Christopher Baker, James Williams, Matthew Nelson, Benjamin Young, Charlotte Robinson, Grace Perez, Nicholas Allen, Hannah Wright, David Martinez, Joseph Lewis, Anthony Mitchell, Harper Adams, Lily Gonzalez, Samuel King, Sophia Thomas, Sarah Johnson, Amelia Hall, Joshua Moore, Abigail Scott, Daniel Anderson, Alexander Green, Zoe Walker, Chloe Carter, Isabella Clark, Emma Wilson, Ella White, Mia Lee, Natalie Collins, Olivia Garcia, Layla Rivera, Justin Flores, Andrew Ramirez, Ethan Edwards, Michael Brown",Cloud Training,participation.xlsx
03-Sep-2024,"Anthony Mitchell, James Williams, Sarah Johnson, Christopher Baker, Benjamin Young, Ryan Hill, Abigail Scott, Alexander Green, Hannah Wright, Amelia Hall, Emma Wilson, Andrew Ramirez, Harper Adams, Ethan Edwards, Aria Turner, Charlotte Robinson, Isabella Clark, Nicholas Allen, John Miller, Natalie Collins, Emily Davis, Michael Brown, Joseph Lewis, Layla Rivera, Joshua Moore, Zoe Walker, Justin Flores, Sophia Thomas, Mia Lee, Daniel Anderson, Robert Taylor, David Martinez, Chloe Carter, William Harris, Matthew Nelson, Lily Gonzalez, Olivia Garcia, Grace Perez, Samuel King, Ella White",Cloud Training,participation.xlsx
04-Sep-2024,"Anthony Mitchell, Nicholas Allen, Ella White, Chloe Carter, Michael Brown, Sophia Thomas, Joseph Lewis, Natalie Collins, Zoe Walker, Ryan Hill, Abigail Scott, Harper Adams, Ethan Edwards, Emma Wilson, Layla Rivera, Matthew Nelson, Hannah Wright, Sarah Johnson, Andrew Ramirez, Samuel King, Benjamin Young, Joshua Moore, Olivia Garcia, Justin Flores, Grace Perez, Isabella Clark, Charlotte Robinson, Robert Taylor, Emily Davis, David Martinez, Amelia Hall, Alexander Green",Cloud Training,participation.xlsx
05-Sep-2024,"James Williams, Ryan Hill, Natalie Collins, Benjamin Young, Chloe Carter, Andrew Ramirez, Sophia Thomas, Matthew Nelson, Sarah Johnson, Emma Wilson, John Miller, Michael Brown, Justin Flores, David Martinez, Christopher Baker, Olivia Garcia, Aria Turner, Emily Davis, Isabella Clark, Grace Perez, Hannah Wright, Charlotte Robinson, Harper Adams, Alexander Green, Amelia Hall, Ethan Edwards, Robert Taylor, William Harris, Anthony Mitchell, Ella White, Joshua Moore, Zoe Walker, Mia Lee, Daniel Anderson, Lily Gonzalez, Nicholas Allen",Cloud Training,participation.xlsx
06-Sep-2024,"Isabella Clark, Christopher Baker, Matthew Nelson, Samuel King, Ethan Edwards, Zoe Walker, Natalie Collins, James Williams, William Harris, Sarah Johnson, Benjamin Young, Olivia Garcia, Joseph Lewis, Joshua Moore, Daniel Anderson, Justin Flores, Andrew Ramirez, John Miller, Michael Brown, Lily Gonzalez, Robert Taylor, David Martinez, Mia Lee, Chloe Carter, Alexander Green, Grace Perez, Ella White, Emily Davis, Aria Turner, Sophia Thomas, Emma Wilson, Nicholas Allen, Charlotte Robinson, Layla Rivera, Amelia Hall, Anthony Mitchell, Ryan Hill, Abigail Scott",Cloud Training,participation.xlsx
09-Sep-2024,"Zoe Walker, Amelia Hall, Emma Wilson, Nicholas Allen, Matthew Nelson, David Martinez, Chloe Carter, Andrew Ramirez, Joshua Moore, Samuel King, James Williams, Charlotte Robinson, Grace Perez, Natalie Collins, Lily Gonzalez, Ryan Hill, Justin Flores, William Harris, Anthony Mitchell, Michael Brown, Joseph Lewis, Alexander Green, Ella White, Daniel Anderson, Robert Taylor, Sarah Johnson, Mia Lee, Isabella Clark, Layla Rivera, Benjamin Young, Hannah Wright, John Miller, Christopher Baker",Cloud Training,participation.xlsx
10-Sep-2024,"Justin Flores, Isabella Clark, Olivia Garcia, Ryan Hill, Joseph Lewis, Mia Lee, Natalie Collins, Aria Turner, Ella White, Grace Perez, Emma Wilson, Ethan Edwards, Zoe Walker, John Miller, Christopher Baker, Nicholas Allen, Andrew Ramirez, Daniel Anderson, Harper Adams, Abigail Scott, Sophia Thomas, Joshua Moore, Benjamin Young, Alexander Green, William Harris, Lily Gonzalez, Charlotte Robinson, Emily Davis, Amelia Hall, Hannah Wright, Matthew Nelson, Samuel King",Cloud Training,participation.xlsx
11-Sep-2024,"Layla Rivera, Olivia Garcia, Charlotte Robinson, Benjamin Young, David Martinez, Natalie Collins, Ella White, Chloe Carter, Sophia Thomas, Nicholas Allen, Grace Perez, James Williams, Michael Brown, Abigail Scott, Amelia Hall, Isabella Clark, Daniel Anderson, Emma Wilson, John Miller, Christopher Baker, Joseph Lewis, Anthony Mitchell, Lily Gonzalez, Sarah Johnson, Harper Adams, Samuel King, Zoe Walker, Ethan Edwards, Emily Davis, Robert Taylor, Aria Turner, Hannah Wright, Ryan Hill, William Harris, Andrew Ramirez, Joshua Moore, Matthew Nelson, Mia Lee, Alexander Green",Cloud Training,participation.xlsx
12-Sep-2024,"David Martinez, Emma Wilson, John Miller, Mia Lee, Joshua Moore, Layla Rivera, Michael Brown, Samuel King, Hannah Wright, Lily Gonzalez, Ethan Edwards, Amelia Hall, Olivia Garcia, Christopher Baker, Justin Flores, Charlotte Robinson, Alexander Green, Natalie Collins, Daniel Anderson, Matthew Nelson, Andrew Ramirez, Anthony Mitchell, Harper Adams, Sarah Johnson, Nicholas Allen, Ella White, William Harris, Joseph Lewis, Abigail Scott, Zoe Walker, Grace Perez, Chloe Carter, Robert Taylor, Sophia Thomas, Isabella Clark, Aria Turner, Ryan Hill",Cloud Training,participation.xlsx
13-Sep-2024,"Chloe Carter, Alexander Green, Sophia Thomas, Anthony Mitchell, Benjamin Young, Christopher Baker, William Harris, Samuel King, Ryan Hill, Natalie Collins, Nicholas Allen, Charlotte Robinson, Harper Adams, Mia Lee, Justin Flores, Isabella Clark, David Martinez, Aria Turner, Grace Perez, Michael Brown, Olivia Garcia, Hannah Wright, Ella White, Sarah Johnson, Zoe Walker, Joseph Lewis, Andrew Ramirez, Emma Wilson, Lily Gonzalez, Robert Taylor, Matthew Nelson, Layla Rivera, John Miller, Amelia Hall, Joshua Moore, Ethan Edwards, James Williams",Cloud Training,participation.xlsx
16-Sep-2024,"Charlotte Robinson, Layla Rivera, Emily Davis, Olivia Garcia, Grace Perez, Joshua Moore, Daniel Anderson, Andrew Ramirez, Emma Wilson, Harper Adams, Alexander Green, Ryan Hill, Nicholas Allen, Joseph Lewis, Aria Turner, Samuel King, Sarah Johnson, Benjamin Young, Matthew Nelson, Isabella Clark, David Martinez, William Harris, Christopher Baker, Anthony Mitchell, James Williams, Robert Taylor, Hannah Wright, John Miller, Michael Brown, Justin Flores, Zoe Walker, Chloe Carter, Natalie Collins, Amelia Hall, Mia Lee",Cloud Training,participation.xlsx
17-Sep-2024,"Andrew Ramirez, Benjamin Young, Christopher Baker, Olivia Garcia, Emma Wilson, Ethan Edwards, James Williams, Ryan Hill, Aria Turner, Ella White, Amelia Hall, Michael Brown, Daniel Anderson, Charlotte Robinson, Chloe Carter, Alexander Green, William Harris, David Martinez, Grace Perez, Samuel King, Robert Taylor, Joseph Lewis, Mia Lee, Sarah Johnson, Nicholas Allen, Natalie Collins, Layla Rivera, Harper Adams, Anthony Mitchell, Sophia Thomas, John Miller, Zoe Walker, Joshua Moore, Isabella Clark, Hannah Wright, Matthew Nelson, Emily Davis, Justin Flores, Abigail Scott, Lily Gonzalez",Cloud Training,participation.xlsx
18-Sep-2024,"Matthew Nelson, Christopher Baker, Michael Brown, Olivia Garcia, Hannah Wright, Ella White, Charlotte Robinson, Nicholas Allen, Joseph Lewis, Isabella Clark, Lily Gonzalez, Grace Perez, Benjamin Young, Emma Wilson, Robert Taylor, Harper Adams, Natalie Collins, Samuel King, William Harris, James Williams, John Miller, Andrew Ramirez, Ethan Edwards, Joshua Moore, Chloe Carter, Zoe Walker, Abigail Scott, Emily Davis, David Martinez, Sophia Thomas, Anthony Mitchell, Amelia Hall, Ryan Hill, Daniel Anderson",Cloud Training,participation.xlsx
19-Sep-2024,"Ryan Hill, Layla Rivera, Alexander Green, Natalie Collins, Ethan Edwards, Anthony Mitchell, Mia Lee, Joshua Moore, Aria Turner, John Miller, Sarah Johnson, Nicholas Allen, Isabella Clark, Robert Taylor, Chloe Carter, Ella White, Grace Perez, Joseph Lewis, Amelia Hall, Daniel Anderson, Hannah Wright, Emma Wilson, Benjamin Young, Andrew Ramirez, Lily Gonzalez, Zoe Walker, Emily Davis, Michael Brown, Abigail Scott, William Harris, Matthew Nelson, Charlotte Robinson, Sophia Thomas, Christopher Baker, Harper Adams, James Williams, Olivia Garcia",Cloud Training,participation.xlsx
20-Sep-2024,"Charlotte Robinson, James Williams, Layla Rivera, Joshua Moore, Olivia Garcia, David Martinez, Natalie Collins, Abigail Scott, Alexander Green, Ella White, Amelia Hall, William Harris, Emily Davis, Matthew Nelson, Sophia Thomas, Benjamin Young, Christopher Baker, Andrew Ramirez, Sarah Johnson, Joseph Lewis, Harper Adams, Zoe Walker, Isabella Clark, Mia Lee, Michael Brown, Grace Perez, Ryan Hill, Lily Gonzalez, Ethan Edwards, Nicholas Allen, Anthony Mitchell, Emma Wilson",Cloud Training,participation.xlsx
23-Sep-2024,"Sarah Johnson, Ryan Hill, Sophia Thomas, Layla Rivera, Emily Davis, Lily Gonzalez, Justin Flores, Ethan Edwards, Daniel Anderson, Robert Taylor, Emma Wilson, Natalie Collins, Harper Adams, David Martinez, Andrew Ramirez, Alexander Green, Isabella Clark, Grace Perez, Joshua Moore, Mia Lee, Aria Turner, William Harris, Benjamin Young, Chloe Carter, Olivia Garcia, Amelia Hall, Zoe Walker, James Williams, Anthony Mitchell, Nicholas Allen, Christopher Baker, Samuel King, Michael Brown, Ella White, Hannah Wright, Abigail Scott, Matthew Nelson",Cloud Training,participation.xlsx
24-Sep-2024,"Natalie Collins, William Harris, Joshua Moore, David Martinez, Nicholas Allen, Emma Wilson, Sophia Thomas, Chloe Carter, Charlotte Robinson, Mia Lee, Ella White, Lily Gonzalez, Michael Brown, John Miller, Sarah Johnson, Layla Rivera, Andrew Ramirez, Ryan Hill, Joseph Lewis, Matthew Nelson, Robert Taylor, James Williams, Alexander Green, Benjamin Young, Anthony Mitchell, Amelia Hall, Grace Perez, Hannah Wright, Justin Flores, Zoe Walker, Emily Davis, Olivia Garcia, Daniel Anderson",Cloud Training,participation.xlsx
25-Sep-2024,"Christopher Baker, Layla Rivera, Lily Gonzalez, Emily Davis, Matthew Nelson, Ella White, William Harris, Emma Wilson, Mia Lee, Benjamin Young, Robert Taylor, Anthony Mitchell, Sophia Thomas, Joseph Lewis, Isabella Clark, James Williams, Harper Adams, Nicholas Allen, Justin Flores, Chloe Carter, Abigail Scott, Daniel Anderson, David Martinez, Samuel King, Zoe Walker, Joshua Moore, Hannah Wright, Amelia Hall, John Miller, Aria Turner, Ryan Hill, Natalie Collins, Charlotte Robinson, Sarah Johnson, Grace Perez, Michael Brown",Cloud Training,participation.xlsx
26-Sep-2024,"Christopher Baker, James Williams, Emily Davis, Lily Gonzalez, William Harris, Amelia Hall, Sarah Johnson, Benjamin Young, Harper Adams, John Miller, Michael Brown, Anthony Mitchell, Ryan Hill, Isabella Clark, Robert Taylor, Justin Flores, Sophia Thomas, Matthew Nelson, Hannah Wright, Abigail Scott, Alexander Green, Joshua Moore, Natalie Collins, Emma Wilson, Joseph Lewis, Ella White, Aria Turner, Daniel Anderson, David Martinez, Nicholas Allen, Chloe Carter, Zoe Walker, Andrew Ramirez, Olivia Garcia, Ethan Edwards, Charlotte Robinson, Layla Rivera, Mia Lee",Cloud Training,participation.xlsx
27-Sep-2024,"Ryan Hill, John Miller, Harper Adams, Mia Lee, Sophia Thomas, Benjamin Young, Christopher Baker, Anthony Mitchell, Emily Davis, Nicholas Allen, Matthew Nelson, Emma Wilson, Hannah Wright, Amelia Hall, Zoe Walker, Samuel King, Charlotte Robinson, Sarah Johnson, David Martinez, Andrew Ramirez, Layla Rivera, William Harris, Ella White, Abigail Scott, Lily Gonzalez, Isabella Clark, Olivia Garcia, Joseph Lewis, Daniel Anderson, Michael Brown, Joshua Moore, Ethan Edwards, Justin Flores, Robert Taylor, Chloe Carter, Alexander Green, James Williams, Natalie Collins, Grace Perez, Aria Turner",Cloud Training,participation.xlsx
30-Sep-2024,"James Williams, Robert Taylor, Ryan Hill, Justin Flores, Joseph Lewis, Olivia Garcia, Amelia Hall, Grace Perez, Aria Turner, Layla Rivera, Michael Brown, Benjamin Young, William Harris, Lily Gonzalez, Emma Wilson, Matthew Nelson, Nicholas Allen, Joshua Moore, Emily Davis, Ethan Edwards, Andrew Ramirez, Isabella Clark, Chloe Carter, Mia Lee, Ella White, Sarah Johnson, Daniel Anderson, Alexander Green, Anthony Mitchell, Sophia Thomas, Abigail Scott, Harper Adams, Charlotte Robinson, Christopher Baker",Cloud Training,participation.xlsx
01-Oct-2024,"Lily Gonzalez, Ethan Edwards, Alexander Green, Anthony Mitchell, William Harris, Andrew Ramirez, John Miller, David Martinez, Grace Perez, Ryan Hill, Mia Lee, Emily Davis, Michael Brown, Chloe Carter, Sophia Thomas, Robert Taylor, Harper Adams, Ella White, Nicholas Allen, Justin Flores, Matthew Nelson, Amelia Hall, Joseph Lewis, Olivia Garcia, Sarah Johnson, Zoe Walker, Charlotte Robinson, Daniel Anderson, Hannah Wright, Layla Rivera, James Williams, Isabella Clark, Aria Turner, Benjamin Young, Emma Wilson",Cloud Training,participation.xlsx
02-Oct-2024,"William Harris, Michael Brown, Emily Davis, Layla Rivera, Amelia Hall, Sophia Thomas, Natalie Collins, Ella White, Zoe Walker, Hannah Wright, Christopher Baker, Sarah Johnson, Abigail Scott, Chloe Carter, Joshua Moore, Aria Turner, Alexander Green, Emma Wilson, Charlotte Robinson, Ryan Hill, Lily Gonzalez, Joseph Lewis, Robert Taylor, Andrew Ramirez, John Miller, Isabella Clark, Justin Flores, Benjamin Young, James Williams, Olivia Garcia, Anthony Mitchell, David Martinez",Cloud Training,participation.xlsx
03-Oct-2024,"Natalie Collins, Christopher Baker, Justin Flores, Mia Lee, Anthony Mitchell, Zoe Walker, Layla Rivera, Joshua Moore, Andrew Ramirez, Aria Turner, Isabella Clark, Amelia Hall, Alexander Green, Robert Taylor, Sarah Johnson, Olivia Garcia, Ethan Edwards, Charlotte Robinson, Lily Gonzalez, Abigail Scott, William Harris, Michael Brown, David Martinez, Benjamin Young, Sophia Thomas, Ella White, Emma Wilson, Nicholas Allen, Joseph Lewis, Emily Davis, Ryan Hill, Daniel Anderson, Grace Perez, Harper Adams, Chloe Carter, Samuel King",Cloud Training,participation.xlsx
04-Oct-2024,"Aria Turner, Benjamin Young, John Miller, James Williams, Sophia Thomas, Grace Perez, Lily Gonzalez, Emily Davis, Ella White, Daniel Anderson, Isabella Clark, Chloe Carter, Matthew Nelson, Mia Lee, Hannah Wright, William Harris, Andrew Ramirez, Sarah Johnson, Zoe Walker, David Martinez, Natalie Collins, Emma Wilson, Joseph Lewis, Olivia Garcia, Harper Adams, Charlotte Robinson, Joshua Moore, Robert Taylor, Michael Brown, Samuel King, Amelia Hall, Ethan Edwards, Nicholas Allen",Cloud Training,participation.xlsx
07-Oct-2024,"Harper Adams, Hannah Wright, James Williams, Ella White, Anthony Mitchell, Ethan Edwards, Sarah Johnson, William Harris, Grace Perez, Aria Turner, Natalie Collins, Ryan Hill, Alexander Green, Nicholas Allen, Christopher Baker, Samuel King, Layla Rivera, Chloe Carter, Andrew Ramirez, Matthew Nelson, Michael Brown, Joshua Moore, Daniel Anderson, Benjamin Young, Justin Flores, Zoe Walker, Olivia Garcia, Sophia Thomas, Emily Davis, Abigail Scott, David Martinez, Lily Gonzalez, John Miller, Robert Taylor, Emma Wilson, Mia Lee, Amelia Hall, Charlotte Robinson, Joseph Lewis",Cloud Training,participation.xlsx
08-Oct-2024,"Matthew Nelson, Layla Rivera, Aria Turner, Charlotte Robinson, Natalie Collins, Abigail Scott, Joseph Lewis, Isabella Clark, William Harris, Daniel Anderson, Justin Flores, Andrew Ramirez, Ella White, Sarah Johnson, Michael Brown, Alexander Green, Zoe Walker, Lily Gonzalez, Ethan Edwards, Amelia Hall, Joshua Moore, Harper Adams, Emily Davis, Benjamin Young, Hannah Wright, Olivia Garcia, Emma Wilson, David Martinez, Nicholas Allen, Christopher Baker, Ryan Hill, James Williams, Sophia Thomas, Mia Lee, Samuel King, Robert Taylor, Anthony Mitchell, Chloe Carter",Cloud Training,participation.xlsx
09-Oct-2024,"Harper Adams, Grace Perez, Anthony Mitchell, Olivia Garcia, Natalie Collins, Alexander Green, Ethan Edwards, Sophia Thomas, Isabella Clark, Abigail Scott, Justin Flores, John Miller, Lily Gonzalez, Daniel Anderson, Chloe Carter, Amelia Hall, William Harris, Michael Brown, Samuel King, Joseph Lewis, James Williams, Hannah Wright, Ella White, Andrew Ramirez, Ryan Hill, Robert Taylor, Mia Lee, David Martinez, Benjamin Young, Zoe Walker, Emma Wilson, Layla Rivera, Matthew Nelson, Nicholas Allen, Joshua Moore",Cloud Training,participation.xlsx
10-Oct-2024,"Joseph Lewis, Ethan Edwards, Emily Davis, Amelia Hall, Alexander Green, Lily Gonzalez, Daniel Anderson, Olivia Garcia, Benjamin Young, Justin Flores, Natalie Collins, James Williams, David Martinez, Emma Wilson, Nicholas Allen, Sophia Thomas, Andrew Ramirez, Charlotte Robinson, Matthew Nelson, Samuel King, Mia Lee, Hannah Wright, Ryan Hill, Grace Perez, Zoe Walker, William Harris, Michael Brown, Abigail Scott, Harper Adams, Ella White, Anthony Mitchell, Sarah Johnson",Cloud Training,participation.xlsx
11-Oct-2024,"Amelia Hall, Emily Davis, Ella White, John Miller, Ethan Edwards, Lily Gonzalez, Charlotte Robinson, Olivia Garcia, Michael Brown, Anthony Mitchell, Isabella Clark, Nicholas Allen, Alexander Green, Robert Taylor, James Williams, Ryan Hill, Mia Lee, Daniel Anderson, Joshua Moore, Joseph Lewis, Chloe Carter, Sarah Johnson, Christopher Baker, Emma Wilson, Layla Rivera, Aria Turner, David Martinez, Samuel King, Harper Adams, Natalie Collins, Hannah Wright, Benjamin Young, Zoe Walker, Matthew Nelson, Grace Perez, Sophia Thomas",Cloud Training,participation.xlsx
05-Aug-2024,"Christian Henderson, Ryan Peterson, Leo Ross, Zachary Rogers, Hunter Barnes, William Cooper, Penelope Cook, Sadie Diaz, Ruby Hunter, Luke Bryant, Grace Bell, Charles Coleman, Audrey Myers, Lily Phillips, Charlotte Allen, Aria Lee, Sophia Lewis, Elijah Turner, Owen Cox, Amelia Clark, Caleb Scott, Charlotte Hill, Evelyn Baker, Natalie Sanders, Nathan Mitchell, Patrick Reed, Maya Porter, Ava Mitchell, Blake Carter, Hannah Butler, Dominic Myers, Michael Scott, James Carter, Grace Rodriguez, Adam Simmons, Madison Hayes, David Flores, Hazel Long, Lucas Anderson, Joseph Griffin, Aaron Hayes, Gabriel Jenkins, Christopher Morgan, Noah Robinson, Sebastian Carter, Thomas Phillips, Isaac Price, Lillian Fisher, Lucy Nguyen, Joshua Morris, Emily Johnson, Ellie Hughes, Ethan Kelly, Victoria King, Daniel Bennett, Samuel Collins, Jonathan Perry, Julian Ramirez, Benjamin Harris, Zoey Long, Emily Coleman, Abigail Brooks, Bella Morales, Luna Sanders, Mila Brooks, Alexander Wright, Mia Allen, Layla Cooper, Andrew Stewart, Isaac Wright, Lily Ward, Anthony Bell, Ella Reed, Matthew Foster, Harper Thompson, Carter Kim, Scarlett Rivera, Nora Ward, Naomi Ward, Violet Gray, Jayden Stewart, Dylan Powell, Jack Murphy, Sofia Richardson, Eleanor Barnes, Aiden Richardson, Chloe Howard, Jackson Bennett, Liam Brown, Henry Adams, Jacob Young, Stella Perry, Zoey Russell, Leah Lopez, Isabella Moore, Olivia Martin, Gabriella Cruz",PowerBI Training,participation.xlsx
06-Aug-2024,"Grace Bell, Jonathan Perry, Sadie Diaz, Gabriel Jenkins, Zoey Russell, Lucy Nguyen, William Cooper, Dominic Myers, Victoria King, Charles Coleman, James Carter, Grace Rodriguez, Emily Coleman, Sophia Lewis, Zachary Rogers, Liam Brown, Ruby Hunter, Christopher Morgan, Luna Sanders, Blake Carter, Leo Ross, Charlotte Allen, Sebastian Carter, Harper Thompson, Harper Parker, Mia Allen, Andrew Stewart, Aria Lee, Hazel Long, Jackson Bennett, David Flores, Ethan Kelly, Samantha Chavez, Joshua Morris, Emily Johnson, Jayden Stewart, Abigail Brooks, Caleb Jenkins, Henry Adams, Isaac Price, Chloe Howard, Jacob Young, Isaac Wright, Carter Kim, Scarlett Rivera, Zoey Long, Hannah Butler, Thomas Phillips, Alexander Wright, Daniel Bennett, Christian Henderson, Charlotte Hill, Owen Cox, Gabriella Cruz, Maya Porter, Stella Perry, Leah Lopez, Aaron Hayes, Caleb Scott, Ellie Hughes, Layla Cooper, Natalie Sanders, Eleanor Barnes, Joseph Griffin, Lily Ward, Matthew Foster, Benjamin Harris, Elijah Turner, Aiden Richardson, Michael Scott, Noah Robinson, Madison Hayes, Julian Ramirez, Lucas Anderson, Patrick Reed, Jack Murphy, Lily Phillips, Audrey Myers, Dylan Powell, Olivia Martin, Adam Simmons, Isabella Moore, Naomi Ward, Luke Bryant, Lillian Fisher, Penelope Cook, Samuel Collins, Bella Morales, Nora Ward, Ella Reed, Evelyn Baker, Amelia Clark, Nathan Mitchell",PowerBI Training,participation.xlsx
07-Aug-2024,"Leah Lopez, Nora Ward, Dylan Powell, Audrey Myers, Jack Murphy, Carter Kim, Caleb Scott, Hazel Long, Zachary Rogers, Sophia Lewis, Maya Porter, Gabriel Jenkins, Lucy Nguyen, Henry Adams, Sadie Diaz, Luna Sanders, Natalie Sanders, Sofia Richardson, Lucas Anderson, Daniel Bennett, Mia Allen, Aiden Richardson, Jayden Stewart, Ellie Hughes, James Carter, Mila Brooks, Ella Reed, Sebastian Carter, Madison Hayes, Penelope Cook, Harper Parker, Charles Coleman, Eleanor Barnes, Evelyn Baker, Aria Lee, Emily Johnson, Layla Cooper, Joshua Morris, Victoria King, Thomas Phillips, Adam Simmons, Charlotte Hill, David Flores, William Cooper, Anthony Bell, Isaac Price, Jacob Young, Michael Scott, Luke Bryant, Naomi Ward, Isaac Wright, Noah Robinson, Grace Rodriguez, Abigail Brooks, Ava Mitchell, Leo Ross, Amelia Clark, Benjamin Harris, Patrick Reed, Grace Bell, Jackson Bennett, Alexander Wright, Scarlett Rivera, Bella Morales, Samantha Chavez, Aaron Hayes, Ryan Peterson, Stella Perry, Joseph Griffin, Gabriella Cruz, Jonathan Perry, Andrew Stewart, Olivia Martin, Blake Carter, Ruby Hunter, Julian Ramirez, Harper Thompson, Zoey Long, Charlotte Allen, Violet Gray, Chloe Howard, Owen Cox, Dominic Myers",PowerBI Training,participation.xlsx
08-Aug-2024,"Chloe Howard, Anthony Bell, Daniel Bennett, Liam Brown, Owen Cox, David Flores, Harper Parker, Gabriella Cruz, Jackson Bennett, Hunter Barnes, Zoey Long, Hannah Butler, Grace Rodriguez, Luke Bryant, Jack Murphy, Violet Gray, Nathan Mitchell, Stella Perry, Ella Reed, Abigail Brooks, Ethan Kelly, Leo Ross, Julian Ramirez, Emily Coleman, Jayden Stewart, Isabella Moore, Christopher Morgan, Grace Bell, Ellie Hughes, Bella Morales, Sadie Diaz, Dominic Myers, Caleb Jenkins, Eleanor Barnes, Sofia Richardson, Scarlett Rivera, Natalie Sanders, Joshua Morris, Charles Coleman, Christian Henderson, Lillian Fisher, Isaac Price, Aria Lee, Ava Mitchell, Sebastian Carter, Nora Ward, Henry Adams, Madison Hayes, Adam Simmons, Luna Sanders, Layla Cooper, Aaron Hayes, Charlotte Allen, Gabriel Jenkins, Alexander Wright, Hazel Long, Harper Thompson, Olivia Martin, Samantha Chavez, Michael Scott, Evelyn Baker, Audrey Myers, Leah Lopez, Mila Brooks, James Carter, Elijah Turner, Isaac Wright, Maya Porter, William Cooper, Patrick Reed, Penelope Cook, Thomas Phillips, Amelia Clark, Andrew Stewart, Victoria King, Emily Johnson, Charlotte Hill, Sophia Lewis, Dylan Powell, Zachary Rogers, Lily Ward, Benjamin Harris, Aiden Richardson, Ryan Peterson",PowerBI Training,participation.xlsx
09-Aug-2024,"Blake Carter, Samuel Collins, Grace Rodriguez, Leah Lopez, Luna Sanders, Caleb Scott, Audrey Myers, Madison Hayes, David Flores, Benjamin Harris, Elijah Turner, Natalie Sanders, Ella Reed, Aiden Richardson, Zoey Long, Christopher Morgan, Harper Thompson, Gabriel Jenkins, Luke Bryant, Lucy Nguyen, Stella Perry, Naomi Ward, Dylan Powell, Penelope Cook, Ellie Hughes, Lily Ward, Grace Bell, Emily Johnson, Leo Ross, Scarlett Rivera, Adam Simmons, William Cooper, Nathan Mitchell, Ruby Hunter, Carter Kim, Mia Allen, Layla Cooper, Dominic Myers, Charlotte Allen, Jayden Stewart, Charlotte Hill, Gabriella Cruz, Harper Parker, Christian Henderson, Sadie Diaz, Julian Ramirez, Matthew Foster, Hannah Butler, Joseph Griffin, Patrick Reed, Caleb Jenkins, Hunter Barnes, Isabella Moore, Henry Adams, Jackson Bennett, Zachary Rogers, Ethan Kelly, Jack Murphy, Violet Gray, Hazel Long, Chloe Howard, Maya Porter, Abigail Brooks, Michael Scott, Sebastian Carter, Mila Brooks, Noah Robinson, Nora Ward, Olivia Martin, Owen Cox, Lillian Fisher, Aaron Hayes, Liam Brown, Isaac Price, Ava Mitchell, Aria Lee, Bella Morales, Daniel Bennett, Evelyn Baker, Amelia Clark, Charles Coleman, Joshua Morris",PowerBI Training,participation.xlsx
12-Aug-2024,"Liam Brown, Isaac Price, Mia Allen, Maya Porter, Matthew Foster, Jonathan Perry, Michael Scott, Charles Coleman, Alexander Wright, Emily Johnson, Owen Cox, Penelope Cook, Ella Reed, Jack Murphy, Joseph Griffin, Jacob Young, Charlotte Allen, Gabriel Jenkins, Ava Mitchell, Violet Gray, Noah Robinson, Olivia Martin, Caleb Jenkins, Caleb Scott, Chloe Howard, Naomi Ward, Daniel Bennett, Lucas Anderson, Blake Carter, Ruby Hunter, Sophia Lewis, Scarlett Rivera, Leo Ross, Abigail Brooks, Hunter Barnes, Grace Rodriguez, Lucy Nguyen, Henry Adams, William Cooper, Samuel Collins, Harper Parker, Christopher Morgan, Victoria King, Audrey Myers, Sofia Richardson, Andrew Stewart, Lily Phillips, Anthony Bell, Christian Henderson, Ryan Peterson, Joshua Morris, Madison Hayes, Grace Bell, Nora Ward, Isaac Wright, Sebastian Carter, Benjamin Harris, Carter Kim, Ethan Kelly, Jackson Bennett, Amelia Clark, Dylan Powell, Natalie Sanders, Julian Ramirez, Gabriella Cruz, Zachary Rogers, Lillian Fisher, Jayden Stewart, Elijah Turner, Samantha Chavez, Lily Ward, Hazel Long, Hannah Butler, Isabella Moore, Harper Thompson, James Carter, David Flores, Aria Lee, Layla Cooper, Sadie Diaz, Adam Simmons, Leah Lopez, Thomas Phillips, Eleanor Barnes, Evelyn Baker, Zoey Long, Luke Bryant, Charlotte Hill, Aiden Richardson",PowerBI Training,participation.xlsx
13-Aug-2024,"Olivia Martin, Jacob Young, Eleanor Barnes, Leah Lopez, Adam Simmons, Abigail Brooks, Hazel Long, Ella Reed, Amelia Clark, Julian Ramirez, Daniel Bennett, Gabriel Jenkins, Mia Allen, Emily Johnson, Violet Gray, Benjamin Harris, Harper Thompson, Lucy Nguyen, Isaac Price, Joseph Griffin, Madison Hayes, Caleb Scott, Samantha Chavez, Noah Robinson, Nathan Mitchell, Sadie Diaz, Harper Parker, Luke Bryant, Sebastian Carter, Aaron Hayes, Bella Morales, Evelyn Baker, Owen Cox, Jonathan Perry, Grace Rodriguez, Dylan Powell, Ruby Hunter, Zoey Long, James Carter, Hannah Butler, Natalie Sanders, Elijah Turner, Lillian Fisher, Stella Perry, Lucas Anderson, Ellie Hughes, Emily Coleman, Michael Scott, Thomas Phillips, Blake Carter, Lily Ward, Maya Porter, Ethan Kelly, Andrew Stewart, Dominic Myers, Jack Murphy, Aiden Richardson, William Cooper, Victoria King, Zoey Russell, Charlotte Hill, Jackson Bennett, Zachary Rogers, Penelope Cook, Jayden Stewart, Mila Brooks, Lily Phillips, Nora Ward, Audrey Myers, Joshua Morris, Ava Mitchell, Luna Sanders, Charles Coleman, Anthony Bell, Gabriella Cruz, David Flores, Charlotte Allen, Leo Ross, Christopher Morgan, Isabella Moore, Christian Henderson, Sofia Richardson, Naomi Ward, Layla Cooper, Aria Lee, Grace Bell, Liam Brown, Alexander Wright, Scarlett Rivera, Hunter Barnes, Isaac Wright, Ryan Peterson, Chloe Howard",PowerBI Training,participation.xlsx
14-Aug-2024,"Audrey Myers, Patrick Reed, Eleanor Barnes, Hannah Butler, Jack Murphy, Mila Brooks, Nora Ward, Zoey Long, Ruby Hunter, Charlotte Hill, Jonathan Perry, Joshua Morris, Emily Johnson, Owen Cox, Luna Sanders, Olivia Martin, Dominic Myers, Abigail Brooks, Samantha Chavez, Ava Mitchell, Christopher Morgan, Chloe Howard, Scarlett Rivera, Hunter Barnes, Henry Adams, Blake Carter, Alexander Wright, Natalie Sanders, Zoey Russell, Grace Rodriguez, Jackson Bennett, Penelope Cook, Samuel Collins, Evelyn Baker, Bella Morales, Charlotte Allen, Joseph Griffin, Mia Allen, Adam Simmons, Liam Brown, Sebastian Carter, Caleb Scott, Lillian Fisher, Ethan Kelly, Jacob Young, Jayden Stewart, Lucy Nguyen, Julian Ramirez, Christian Henderson, Lily Phillips, Carter Kim, Andrew Stewart, Aria Lee, Violet Gray, Grace Bell, Zachary Rogers, Naomi Ward, Matthew Foster, James Carter, Aiden Richardson, Sadie Diaz, Nathan Mitchell, William Cooper, Benjamin Harris, Maya Porter, Sophia Lewis, Michael Scott, Ryan Peterson, Leah Lopez, David Flores, Stella Perry, Lily Ward, Ella Reed, Thomas Phillips, Isaac Wright, Isaac Price, Madison Hayes, Leo Ross",PowerBI Training,participation.xlsx
15-Aug-2024,"Gabriella Cruz, Evelyn Baker, Harper Thompson, Hannah Butler, Benjamin Harris, Sebastian Carter, Layla Cooper, Hazel Long, Dominic Myers, Lily Phillips, Naomi Ward, Liam Brown, Anthony Bell, Sofia Richardson, Jayden Stewart, Emily Johnson, Ava Mitchell, Nathan Mitchell, Jack Murphy, Jonathan Perry, Carter Kim, Abigail Brooks, Leo Ross, Daniel Bennett, Emily Coleman, Aiden Richardson, Thomas Phillips, Amelia Clark, Caleb Scott, Chloe Howard, Aria Lee, Mia Allen, Dylan Powell, Penelope Cook, Joshua Morris, Jackson Bennett, Noah Robinson, Christian Henderson, Adam Simmons, Isaac Wright, Gabriel Jenkins, Olivia Martin, Luke Bryant, James Carter, Ella Reed, Samantha Chavez, Lucy Nguyen, Matthew Foster, Charles Coleman, Eleanor Barnes, Sadie Diaz, Grace Rodriguez, Violet Gray, Charlotte Allen, Ethan Kelly, Victoria King, Joseph Griffin, Christopher Morgan, Luna Sanders, Michael Scott, Madison Hayes, Zoey Long, Zachary Rogers, Blake Carter, Andrew Stewart, David Flores, Natalie Sanders, Scarlett Rivera, Jacob Young, Grace Bell, Ryan Peterson, Alexander Wright, Owen Cox, Samuel Collins, Sophia Lewis, Nora Ward, Hunter Barnes, Ellie Hughes, Mila Brooks, Henry Adams, Julian Ramirez, Harper Parker, Bella Morales, Stella Perry, Isaac Price, Lucas Anderson, Charlotte Hill, Caleb Jenkins, Leah Lopez, Ruby Hunter, Zoey Russell, Patrick Reed",PowerBI Training,participation.xlsx
16-Aug-2024,"Dylan Powell, Hannah Butler, Abigail Brooks, Ellie Hughes, Evelyn Baker, Leo Ross, Nathan Mitchell, Lillian Fisher, Harper Thompson, Mia Allen, Grace Bell, Maya Porter, Jayden Stewart, Isaac Wright, Dominic Myers, Charlotte Allen, Henry Adams, Lily Ward, Joseph Griffin, Harper Parker, Audrey Myers, Hunter Barnes, Madison Hayes, Noah Robinson, Sebastian Carter, Zoey Long, Owen Cox, Violet Gray, William Cooper, Emily Coleman, Hazel Long, Lucy Nguyen, Aria Lee, Luke Bryant, Charlotte Hill, Anthony Bell, Jonathan Perry, David Flores, Scarlett Rivera, Gabriella Cruz, Daniel Bennett, Michael Scott, Sadie Diaz, Caleb Scott, Emily Johnson, Liam Brown, Victoria King, Zoey Russell, Layla Cooper, Ava Mitchell, Sofia Richardson, Lucas Anderson, Blake Carter, Jacob Young, Charles Coleman, Samuel Collins, Mila Brooks, Carter Kim, Adam Simmons, Gabriel Jenkins, Isaac Price, Ruby Hunter, Alexander Wright, Natalie Sanders, Benjamin Harris, Aaron Hayes, Julian Ramirez, Jackson Bennett, Elijah Turner, Zachary Rogers, Ryan Peterson, Thomas Phillips, Stella Perry, Bella Morales, Andrew Stewart, Caleb Jenkins, Lily Phillips, Isabella Moore, Patrick Reed, Amelia Clark",PowerBI Training,participation.xlsx
19-Aug-2024,"Samantha Chavez, Bella Morales, Lucy Nguyen, Isabella Moore, Scarlett Rivera, Benjamin Harris, Carter Kim, Noah Robinson, Dylan Powell, Sebastian Carter, Violet Gray, Eleanor Barnes, Madison Hayes, Layla Cooper, Lily Ward, Mila Brooks, Joshua Morris, Nora Ward, Sophia Lewis, Jack Murphy, Lucas Anderson, Aria Lee, Thomas Phillips, Zachary Rogers, Liam Brown, Mia Allen, Gabriel Jenkins, James Carter, Blake Carter, Ella Reed, Sofia Richardson, Grace Bell, Adam Simmons, Stella Perry, Hannah Butler, Elijah Turner, Hunter Barnes, Aiden Richardson, Zoey Russell, Gabriella Cruz, Evelyn Baker, Charles Coleman, Natalie Sanders, Grace Rodriguez, Ethan Kelly, Sadie Diaz, Christian Henderson, Andrew Stewart, Caleb Jenkins, Caleb Scott, Lillian Fisher, Ava Mitchell, Jackson Bennett, Audrey Myers, Daniel Bennett, Michael Scott, Christopher Morgan, Penelope Cook, David Flores, Victoria King, Emily Coleman, Zoey Long, Harper Parker, Alexander Wright, Anthony Bell, Owen Cox, Abigail Brooks, Jayden Stewart, Joseph Griffin, Ryan Peterson, Jacob Young, Luke Bryant, Ruby Hunter, Lily Phillips, Luna Sanders, Aaron Hayes, Nathan Mitchell, Harper Thompson, Isaac Wright, Samuel Collins, Jonathan Perry, Chloe Howard, Emily Johnson",PowerBI Training,participation.xlsx
20-Aug-2024,"Sofia Richardson, Harper Thompson, Nathan Mitchell, Michael Scott, Maya Porter, Victoria King, Samuel Collins, Sophia Lewis, Thomas Phillips, Madison Hayes, Harper Parker, James Carter, Julian Ramirez, Charlotte Allen, Naomi Ward, Samantha Chavez, Jonathan Perry, Scarlett Rivera, Jayden Stewart, Audrey Myers, Caleb Jenkins, Ruby Hunter, Mila Brooks, Lily Ward, Emily Johnson, Jack Murphy, Olivia Martin, William Cooper, Daniel Bennett, Andrew Stewart, Abigail Brooks, Ella Reed, Hannah Butler, Lucy Nguyen, Carter Kim, Isabella Moore, Bella Morales, Blake Carter, Natalie Sanders, Zoey Long, Ellie Hughes, Penelope Cook, Grace Rodriguez, Chloe Howard, Luna Sanders, David Flores, Ethan Kelly, Joshua Morris, Lillian Fisher, Leo Ross, Hazel Long, Layla Cooper, Emily Coleman, Noah Robinson, Charlotte Hill, Henry Adams, Christian Henderson, Eleanor Barnes, Isaac Price, Adam Simmons, Elijah Turner, Anthony Bell, Gabriella Cruz, Joseph Griffin, Liam Brown, Patrick Reed, Zoey Russell, Sadie Diaz, Aria Lee, Owen Cox, Dominic Myers, Caleb Scott, Violet Gray, Luke Bryant, Leah Lopez, Jackson Bennett, Ava Mitchell, Charles Coleman, Gabriel Jenkins, Benjamin Harris, Zachary Rogers, Stella Perry, Sebastian Carter, Aiden Richardson",PowerBI Training,participation.xlsx
21-Aug-2024,"Chloe Howard, Hannah Butler, Zachary Rogers, Luke Bryant, Naomi Ward, Lillian Fisher, Amelia Clark, Ryan Peterson, Layla Cooper, Anthony Bell, Zoey Long, Blake Carter, Joseph Griffin, Patrick Reed, Emily Coleman, Christian Henderson, Abigail Brooks, Lily Phillips, Sebastian Carter, Isaac Wright, Natalie Sanders, Samuel Collins, Nathan Mitchell, Matthew Foster, Mia Allen, Liam Brown, Lucy Nguyen, Owen Cox, Zoey Russell, Ethan Kelly, Victoria King, Emily Johnson, Jack Murphy, Maya Porter, Bella Morales, William Cooper, Leo Ross, Stella Perry, Jonathan Perry, Ella Reed, Hazel Long, Audrey Myers, Ruby Hunter, Jacob Young, Harper Parker, Ava Mitchell, Julian Ramirez, Jackson Bennett, Dylan Powell, Charlotte Hill, Gabriella Cruz, Lucas Anderson, Grace Rodriguez, Carter Kim, Ellie Hughes, Noah Robinson, Thomas Phillips, Penelope Cook, Isaac Price, Evelyn Baker, Madison Hayes, Henry Adams, Daniel Bennett, Violet Gray, Caleb Jenkins, Harper Thompson, Joshua Morris, Eleanor Barnes, Nora Ward, Christopher Morgan, James Carter, Charles Coleman, Isabella Moore, Leah Lopez, Hunter Barnes, Lily Ward, Charlotte Allen, Dominic Myers, Caleb Scott, Benjamin Harris, Gabriel Jenkins, Grace Bell, Mila Brooks, Andrew Stewart, David Flores, Adam Simmons, Aiden Richardson, Olivia Martin, Luna Sanders, Aaron Hayes, Samantha Chavez, Michael Scott, Sofia Richardson, Alexander Wright",PowerBI Training,participation.xlsx
22-Aug-2024,"Jacob Young, Christian Henderson, Ava Mitchell, Anthony Bell, Gabriella Cruz, Zachary Rogers, Mia Allen, Dylan Powell, Abigail Brooks, Stella Perry, Ellie Hughes, Dominic Myers, Julian Ramirez, Grace Bell, Benjamin Harris, Matthew Foster, Mila Brooks, Henry Adams, Harper Parker, Harper Thompson, Samantha Chavez, Jackson Bennett, Charlotte Hill, Lillian Fisher, Jayden Stewart, Zoey Long, Carter Kim, Isabella Moore, Lucas Anderson, Audrey Myers, Hannah Butler, Aaron Hayes, Zoey Russell, Adam Simmons, Amelia Clark, Jonathan Perry, Sofia Richardson, Ryan Peterson, Isaac Wright, Caleb Scott, Layla Cooper, Lily Ward, Evelyn Baker, Samuel Collins, Leo Ross, Alexander Wright, Maya Porter, Victoria King, Madison Hayes, Thomas Phillips, Joshua Morris, Charles Coleman, Luke Bryant, Ella Reed, Olivia Martin, Andrew Stewart, Aria Lee, Luna Sanders, Chloe Howard, Gabriel Jenkins, James Carter, Emily Johnson, Caleb Jenkins, Violet Gray, Leah Lopez, Scarlett Rivera, David Flores, Owen Cox, Bella Morales, Sadie Diaz, Daniel Bennett, Sebastian Carter, Blake Carter, Sophia Lewis, Ethan Kelly, Lily Phillips, Elijah Turner, Joseph Griffin, Charlotte Allen, William Cooper, Michael Scott, Liam Brown, Nora Ward, Aiden Richardson, Hazel Long, Penelope Cook, Emily Coleman, Isaac Price, Nathan Mitchell, Grace Rodriguez, Christopher Morgan, Natalie Sanders, Lucy Nguyen, Ruby Hunter, Jack Murphy, Eleanor Barnes",PowerBI Training,participation.xlsx
23-Aug-2024,"Leo Ross, Michael Scott, Olivia Martin, Henry Adams, Emily Coleman, Scarlett Rivera, Hazel Long, William Cooper, Joseph Griffin, Lucas Anderson, Lily Phillips, Aiden Richardson, James Carter, Isaac Price, Nora Ward, Jayden Stewart, Lucy Nguyen, Luke Bryant, Natalie Sanders, Adam Simmons, Liam Brown, Noah Robinson, Sophia Lewis, Gabriella Cruz, Audrey Myers, Nathan Mitchell, Amelia Clark, Dylan Powell, Mila Brooks, Patrick Reed, Ryan Peterson, David Flores, Andrew Stewart, Aaron Hayes, Thomas Phillips, Sebastian Carter, Zachary Rogers, Carter Kim, Bella Morales, Samuel Collins, Gabriel Jenkins, Hunter Barnes, Ethan Kelly, Elijah Turner, Grace Rodriguez, Aria Lee, Sadie Diaz, Jonathan Perry, Joshua Morris, Sofia Richardson, Ella Reed, Layla Cooper, Eleanor Barnes, Zoey Russell, Stella Perry, Isaac Wright, Evelyn Baker, Ellie Hughes, Victoria King, Daniel Bennett, Owen Cox, Mia Allen, Charles Coleman, Matthew Foster, Violet Gray, Blake Carter, Zoey Long, Alexander Wright, Isabella Moore, Lily Ward, Caleb Scott, Julian Ramirez, Caleb Jenkins, Naomi Ward, Lillian Fisher, Dominic Myers, Harper Thompson, Ruby Hunter, Benjamin Harris, Jackson Bennett, Grace Bell, Charlotte Hill",PowerBI Training,participation.xlsx
26-Aug-2024,"Aaron Hayes, Zoey Long, Jonathan Perry, Madison Hayes, Ryan Peterson, Amelia Clark, Christian Henderson, Stella Perry, Noah Robinson, Scarlett Rivera, Chloe Howard, Abigail Brooks, Violet Gray, Lucy Nguyen, Bella Morales, Eleanor Barnes, Charlotte Hill, Lucas Anderson, Benjamin Harris, Grace Bell, Jackson Bennett, Natalie Sanders, Jayden Stewart, Victoria King, Matthew Foster, Sadie Diaz, Aria Lee, Dylan Powell, Hunter Barnes, Carter Kim, David Flores, Olivia Martin, Hannah Butler, Isaac Price, Anthony Bell, Thomas Phillips, Harper Thompson, Evelyn Baker, Emily Coleman, Caleb Scott, Daniel Bennett, Luke Bryant, Ruby Hunter, Jack Murphy, Zachary Rogers, Nora Ward, Isaac Wright, Ethan Kelly, Audrey Myers, Layla Cooper, Hazel Long, Leo Ross, Charles Coleman, Patrick Reed, Emily Johnson, Mia Allen, Luna Sanders, Lily Ward, Charlotte Allen, Penelope Cook, Lily Phillips, Aiden Richardson, Liam Brown, Owen Cox, Sebastian Carter, Grace Rodriguez, Caleb Jenkins, Jacob Young, Ava Mitchell, Leah Lopez, Lillian Fisher, Nathan Mitchell, Elijah Turner, Joshua Morris, Joseph Griffin, Christopher Morgan",PowerBI Training,participation.xlsx
27-Aug-2024,"Ryan Peterson, James Carter, Dominic Myers, Samuel Collins, William Cooper, Noah Robinson, Emily Coleman, Henry Adams, Hunter Barnes, David Flores, Isaac Wright, Audrey Myers, Aria Lee, Maya Porter, Ava Mitchell, Leo Ross, Sadie Diaz, Victoria King, Scarlett Rivera, Charles Coleman, Leah Lopez, Patrick Reed, Hannah Butler, Ethan Kelly, Jayden Stewart, Lucy Nguyen, Liam Brown, Nathan Mitchell, Aiden Richardson, Sebastian Carter, Bella Morales, Christopher Morgan, Lily Phillips, Aaron Hayes, Mia Allen, Adam Simmons, Ellie Hughes, Caleb Scott, Julian Ramirez, Eleanor Barnes, Mila Brooks, Grace Rodriguez, Carter Kim, Elijah Turner, Gabriella Cruz, Matthew Foster, Joseph Griffin, Luna Sanders, Zachary Rogers, Jacob Young, Naomi Ward, Jackson Bennett, Jack Murphy, Sofia Richardson, Charlotte Hill, Sophia Lewis, Isaac Price, Nora Ward, Lucas Anderson, Evelyn Baker, Charlotte Allen, Owen Cox, Dylan Powell, Abigail Brooks, Luke Bryant, Stella Perry, Ruby Hunter, Blake Carter, Zoey Long, Amelia Clark, Emily Johnson, Samantha Chavez, Harper Parker, Thomas Phillips, Lily Ward, Penelope Cook, Ella Reed, Lillian Fisher, Zoey Russell, Caleb Jenkins, Natalie Sanders, Benjamin Harris, Alexander Wright, Michael Scott, Layla Cooper, Gabriel Jenkins, Hazel Long, Joshua Morris, Chloe Howard, Daniel Bennett, Anthony Bell",PowerBI Training,participation.xlsx
28-Aug-2024,"Lillian Fisher, Christian Henderson, Sophia Lewis, Hannah Butler, Eleanor Barnes, Dominic Myers, Christopher Morgan, Mila Brooks, Sadie Diaz, Samuel Collins, Matthew Foster, Elijah Turner, Audrey Myers, Lily Ward, Charlotte Allen, Chloe Howard, Joseph Griffin, Gabriel Jenkins, Ellie Hughes, Aria Lee, Alexander Wright, Jackson Bennett, Henry Adams, William Cooper, Daniel Bennett, Noah Robinson, Charlotte Hill, Leah Lopez, Luke Bryant, Hunter Barnes, Madison Hayes, Ryan Peterson, Violet Gray, Lucy Nguyen, Layla Cooper, Gabriella Cruz, Blake Carter, Maya Porter, Grace Rodriguez, Mia Allen, Jayden Stewart, Zoey Long, Samantha Chavez, Anthony Bell, Lucas Anderson, David Flores, Jonathan Perry, Abigail Brooks, Charles Coleman, Thomas Phillips, Adam Simmons, Emily Coleman, Aiden Richardson, Leo Ross, Natalie Sanders, Caleb Scott, Patrick Reed, Hazel Long, Liam Brown, Emily Johnson, Olivia Martin, Ethan Kelly, Isaac Price, Harper Parker, Nathan Mitchell, Andrew Stewart, Caleb Jenkins, Michael Scott, Isaac Wright, Sofia Richardson, Harper Thompson, Benjamin Harris, Nora Ward, Joshua Morris, Aaron Hayes, Carter Kim, Scarlett Rivera, Sebastian Carter, Luna Sanders, Zachary Rogers, Stella Perry, James Carter, Evelyn Baker, Jack Murphy, Ruby Hunter, Naomi Ward, Ava Mitchell, Isabella Moore, Bella Morales, Jacob Young, Amelia Clark, Victoria King, Grace Bell",PowerBI Training,participation.xlsx
29-Aug-2024,"Grace Rodriguez, Sebastian Carter, Charles Coleman, Isaac Price, Ellie Hughes, Gabriel Jenkins, Evelyn Baker, Ava Mitchell, Christian Henderson, Ruby Hunter, Matthew Foster, Lucas Anderson, Gabriella Cruz, Owen Cox, Ella Reed, Grace Bell, Anthony Bell, Harper Thompson, Audrey Myers, Leah Lopez, Dominic Myers, William Cooper, Emily Johnson, Jonathan Perry, Michael Scott, Caleb Scott, Jayden Stewart, Sofia Richardson, Victoria King, Julian Ramirez, Ryan Peterson, Chloe Howard, Lily Phillips, Blake Carter, Sadie Diaz, James Carter, Elijah Turner, Aaron Hayes, Dylan Powell, Carter Kim, Luna Sanders, Harper Parker, Noah Robinson, Isabella Moore, Isaac Wright, Olivia Martin, Hunter Barnes, Joshua Morris, Christopher Morgan, Eleanor Barnes, Lucy Nguyen, Mia Allen, Nora Ward, Luke Bryant, Hazel Long, Lily Ward, Penelope Cook, Charlotte Hill, Jackson Bennett, Jacob Young, Bella Morales, Andrew Stewart, Zoey Russell, Sophia Lewis, Scarlett Rivera, Layla Cooper, Thomas Phillips, Nathan Mitchell, Jack Murphy, Naomi Ward, Mila Brooks, Madison Hayes, Henry Adams, Samuel Collins, Abigail Brooks, Violet Gray, Daniel Bennett, Alexander Wright, Patrick Reed, Amelia Clark, Aiden Richardson, Benjamin Harris, David Flores, Liam Brown, Natalie Sanders, Ethan Kelly, Emily Coleman, Lillian Fisher, Charlotte Allen, Caleb Jenkins, Zoey Long, Adam Simmons, Zachary Rogers, Leo Ross, Stella Perry, Hannah Butler, Maya Porter, Aria Lee",PowerBI Training,participation.xlsx
30-Aug-2024,"Owen Cox, Julian Ramirez, Daniel Bennett, Emily Coleman, Matthew Foster, Christian Henderson, Luke Bryant, Carter Kim, Maya Porter, Sophia Lewis, Zoey Long, Jack Murphy, Aaron Hayes, Charlotte Hill, Nathan Mitchell, Harper Parker, Patrick Reed, Audrey Myers, Michael Scott, Isaac Price, Hunter Barnes, Grace Bell, Joshua Morris, Dominic Myers, Mila Brooks, Leah Lopez, Lucas Anderson, Alexander Wright, Hazel Long, Dylan Powell, Violet Gray, Isaac Wright, Samuel Collins, Abigail Brooks, Ellie Hughes, Amelia Clark, Lily Phillips, Jackson Bennett, David Flores, Elijah Turner, Grace Rodriguez, Joseph Griffin, Scarlett Rivera, Sadie Diaz, Bella Morales, Emily Johnson, Jonathan Perry, Andrew Stewart, Lillian Fisher, Liam Brown, Ethan Kelly, Anthony Bell, Nora Ward, Mia Allen, Zoey Russell, Eleanor Barnes, Ava Mitchell, Gabriella Cruz, Lily Ward, Penelope Cook, Adam Simmons, Luna Sanders, Ella Reed, Victoria King, Samantha Chavez, Leo Ross, Isabella Moore, Gabriel Jenkins, Ruby Hunter, Harper Thompson, Evelyn Baker, Hannah Butler, Jacob Young, Naomi Ward",PowerBI Training,participation.xlsx
02-Sep-2024,"Jayden Stewart, Grace Bell, Scarlett Rivera, Carter Kim, Lucy Nguyen, Hannah Butler, Violet Gray, William Cooper, Zoey Long, Lily Ward, Zachary Rogers, Sadie Diaz, Ruby Hunter, Liam Brown, Sebastian Carter, Dylan Powell, Anthony Bell, Penelope Cook, Audrey Myers, Charlotte Allen, Joseph Griffin, Thomas Phillips, Layla Cooper, Owen Cox, David Flores, Caleb Scott, Jacob Young, Ella Reed, Harper Thompson, Lucas Anderson, Charles Coleman, Benjamin Harris, Harper Parker, Isabella Moore, Charlotte Hill, Leo Ross, Luke Bryant, Sofia Richardson, Hunter Barnes, Jack Murphy, Gabriella Cruz, Emily Johnson, Nathan Mitchell, Olivia Martin, Adam Simmons, Luna Sanders, Ryan Peterson, Andrew Stewart, Christian Henderson, Samantha Chavez, Hazel Long, Mia Allen, Ethan Kelly, Natalie Sanders, Patrick Reed, Naomi Ward, Ava Mitchell, Isaac Wright, Stella Perry, Daniel Bennett, Lillian Fisher, Leah Lopez, Victoria King, Aria Lee, Caleb Jenkins, Elijah Turner, Mila Brooks, Samuel Collins, Jonathan Perry, Zoey Russell, Bella Morales, Sophia Lewis, Madison Hayes, Aiden Richardson, Alexander Wright, Joshua Morris, Emily Coleman, Maya Porter, Evelyn Baker, Grace Rodriguez, Michael Scott, Aaron Hayes, Noah Robinson, Eleanor Barnes, Jackson Bennett, Isaac Price, Julian Ramirez, Blake Carter, Henry Adams, James Carter, Matthew Foster, Abigail Brooks, Nora Ward, Chloe Howard, Dominic Myers",PowerBI Training,participation.xlsx
03-Sep-2024,"Penelope Cook, Sophia Lewis, Madison Hayes, Lillian Fisher, Alexander Wright, Emily Johnson, Patrick Reed, Mila Brooks, Naomi Ward, Daniel Bennett, Anthony Bell, David Flores, Hunter Barnes, Gabriel Jenkins, Noah Robinson, Harper Parker, Emily Coleman, Olivia Martin, William Cooper, Jack Murphy, Luke Bryant, Eleanor Barnes, Evelyn Baker, Jackson Bennett, Maya Porter, Violet Gray, Scarlett Rivera, Ruby Hunter, Sofia Richardson, Aria Lee, Hazel Long, Caleb Jenkins, Stella Perry, Zachary Rogers, Mia Allen, Nora Ward, Joshua Morris, Bella Morales, Layla Cooper, Jayden Stewart, Adam Simmons, Harper Thompson, Grace Rodriguez, Charles Coleman, Lily Phillips, Leah Lopez, Isaac Wright, Zoey Long, Ava Mitchell, Charlotte Allen, Jonathan Perry, Amelia Clark, Zoey Russell, Matthew Foster, Caleb Scott, Ethan Kelly, Ellie Hughes, Andrew Stewart, Sadie Diaz, Joseph Griffin, Abigail Brooks, Chloe Howard, Hannah Butler, Owen Cox, Liam Brown, James Carter, Audrey Myers, Aiden Richardson, Grace Bell, Julian Ramirez, Ryan Peterson, Leo Ross, Lucy Nguyen, Luna Sanders, Isaac Price, Dylan Powell, Gabriella Cruz, Aaron Hayes, Charlotte Hill, Dominic Myers, Blake Carter",PowerBI Training,participation.xlsx
04-Sep-2024,"Jack Murphy, Hunter Barnes, Alexander Wright, Emily Johnson, Blake Carter, James Carter, Aaron Hayes, Dominic Myers, Olivia Martin, Abigail Brooks, Andrew Stewart, Emily Coleman, Matthew Foster, Leah Lopez, Daniel Bennett, Madison Hayes, Nathan Mitchell, Zoey Russell, Sophia Lewis, Noah Robinson, Dylan Powell, Benjamin Harris, Grace Rodriguez, Amelia Clark, Leo Ross, Liam Brown, Christopher Morgan, Lillian Fisher, Jacob Young, Aiden Richardson, Harper Thompson, Scarlett Rivera, Violet Gray, Hannah Butler, Joseph Griffin, Luna Sanders, Charles Coleman, Aria Lee, Mia Allen, Julian Ramirez, David Flores, Penelope Cook, Zoey Long, Michael Scott, Nora Ward, Jayden Stewart, Ava Mitchell, Samuel Collins, Caleb Jenkins, Owen Cox, Gabriel Jenkins, Naomi Ward, Elijah Turner, Ruby Hunter, Chloe Howard, Stella Perry, Lucy Nguyen, Joshua Morris, Gabriella Cruz, Audrey Myers, Lily Phillips, Sofia Richardson, Ellie Hughes, Charlotte Hill, Ethan Kelly, Natalie Sanders, Isaac Wright, Isabella Moore, Carter Kim, Sadie Diaz, Victoria King, Hazel Long, Bella Morales, Layla Cooper, Ryan Peterson, Isaac Price, Patrick Reed, Lily Ward, Samantha Chavez, Harper Parker",PowerBI Training,participation.xlsx
05-Sep-2024,"Thomas Phillips, Owen Cox, Nora Ward, Zoey Long, Liam Brown, Zoey Russell, Hannah Butler, Julian Ramirez, Gabriella Cruz, Luke Bryant, Isaac Price, Victoria King, Chloe Howard, Leo Ross, Evelyn Baker, Lily Phillips, Stella Perry, William Cooper, Jacob Young, Patrick Reed, Sofia Richardson, Matthew Foster, Sophia Lewis, Dylan Powell, Olivia Martin, Alexander Wright, Samantha Chavez, Isaac Wright, Christopher Morgan, Ryan Peterson, Mila Brooks, Jayden Stewart, Sadie Diaz, Christian Henderson, Lucas Anderson, Jack Murphy, Anthony Bell, Ethan Kelly, Madison Hayes, Caleb Scott, Jonathan Perry, Jackson Bennett, Aiden Richardson, Leah Lopez, Charles Coleman, Naomi Ward, Charlotte Hill, Grace Bell, Caleb Jenkins, Gabriel Jenkins, Nathan Mitchell, Noah Robinson, Emily Coleman, Lucy Nguyen, Grace Rodriguez, Aria Lee, Charlotte Allen, Lily Ward, Michael Scott, Adam Simmons, Luna Sanders, Henry Adams, Sebastian Carter, Hazel Long, Maya Porter, Andrew Stewart, Scarlett Rivera, Harper Parker, Dominic Myers, Elijah Turner, Blake Carter, Natalie Sanders, David Flores, Penelope Cook, Samuel Collins, Joseph Griffin, Carter Kim, Isabella Moore, Emily Johnson, Lillian Fisher, Ella Reed, Harper Thompson, Bella Morales, Daniel Bennett, Aaron Hayes, James Carter",PowerBI Training,participation.xlsx
06-Sep-2024,"Charles Coleman, Ryan Peterson, Jacob Young, Nathan Mitchell, Lucy Nguyen, Jack Murphy, Patrick Reed, Violet Gray, Zoey Long, Noah Robinson, Isabella Moore, Grace Rodriguez, Lily Phillips, Lillian Fisher, Liam Brown, Caleb Jenkins, Sadie Diaz, Ethan Kelly, Sophia Lewis, Jayden Stewart, Christian Henderson, Thomas Phillips, Charlotte Hill, Abigail Brooks, Gabriella Cruz, Evelyn Baker, Dylan Powell, Luna Sanders, Nora Ward, Caleb Scott, Anthony Bell, Charlotte Allen, Samantha Chavez, Amelia Clark, Stella Perry, Naomi Ward, Ruby Hunter, Natalie Sanders, James Carter, Layla Cooper, Emily Coleman, Eleanor Barnes, Isaac Price, Lily Ward, Gabriel Jenkins, Mia Allen, Alexander Wright, Olivia Martin, Dominic Myers, Leo Ross, Sofia Richardson, Hazel Long, Ella Reed, Emily Johnson, Michael Scott, Henry Adams, Andrew Stewart, Matthew Foster, Julian Ramirez, Maya Porter, Jonathan Perry, Harper Thompson, Ava Mitchell, Grace Bell, Chloe Howard, Lucas Anderson, Zachary Rogers, Joseph Griffin, Christopher Morgan, Adam Simmons, Owen Cox, Ellie Hughes, Samuel Collins, Bella Morales, Penelope Cook, Harper Parker",PowerBI Training,participation.xlsx
09-Sep-2024,"Madison Hayes, Zoey Russell, Jackson Bennett, Naomi Ward, Lucy Nguyen, Jayden Stewart, Jack Murphy, Owen Cox, Dylan Powell, Aria Lee, Caleb Jenkins, Christopher Morgan, Abigail Brooks, Ella Reed, Ryan Peterson, Julian Ramirez, Charlotte Allen, James Carter, Samuel Collins, Christian Henderson, Sofia Richardson, Audrey Myers, Violet Gray, Anthony Bell, Matthew Foster, Amelia Clark, Grace Rodriguez, Isaac Price, Alexander Wright, Penelope Cook, Jacob Young, Chloe Howard, Aiden Richardson, Liam Brown, Sebastian Carter, Blake Carter, Charlotte Hill, Lily Ward, Layla Cooper, Maya Porter, Harper Thompson, Henry Adams, Thomas Phillips, Jonathan Perry, Hunter Barnes, Caleb Scott, Olivia Martin, Harper Parker, Nora Ward, Samantha Chavez, Emily Coleman, Stella Perry, Lillian Fisher, Zoey Long, Mia Allen, Andrew Stewart, William Cooper, Gabriella Cruz, Joseph Griffin, David Flores, Leo Ross, Carter Kim, Mila Brooks, Leah Lopez, Luke Bryant, Elijah Turner, Sophia Lewis, Bella Morales, Scarlett Rivera, Luna Sanders, Ellie Hughes, Benjamin Harris, Victoria King, Sadie Diaz, Evelyn Baker, Lucas Anderson",PowerBI Training,participation.xlsx
10-Sep-2024,"Christian Henderson, Sadie Diaz, Ruby Hunter, Zoey Russell, Anthony Bell, Christopher Morgan, Lucas Anderson, Noah Robinson, Emily Coleman, Sofia Richardson, Lily Phillips, Blake Carter, Ellie Hughes, Julian Ramirez, Grace Bell, Mila Brooks, Caleb Scott, Carter Kim, Violet Gray, Scarlett Rivera, Elijah Turner, Henry Adams, Andrew Stewart, Ava Mitchell, Evelyn Baker, Sebastian Carter, David Flores, Patrick Reed, Harper Parker, Grace Rodriguez, Hazel Long, Thomas Phillips, Emily Johnson, Adam Simmons, Gabriel Jenkins, Penelope Cook, Nathan Mitchell, Dylan Powell, Ella Reed, Ethan Kelly, Naomi Ward, Caleb Jenkins, Dominic Myers, Maya Porter, Owen Cox, Samuel Collins, Isaac Wright, James Carter, Jackson Bennett, Amelia Clark, Isabella Moore, Michael Scott, Stella Perry, Zachary Rogers, Luke Bryant, Benjamin Harris, Charles Coleman, Abigail Brooks, Madison Hayes, Luna Sanders, Joseph Griffin, Liam Brown, Olivia Martin, Victoria King, Jack Murphy, Zoey Long, Harper Thompson, Eleanor Barnes, Lily Ward, Charlotte Hill, Natalie Sanders, Leah Lopez, Hunter Barnes, Isaac Price, William Cooper, Ryan Peterson, Aiden Richardson, Sophia Lewis, Mia Allen",PowerBI Training,participation.xlsx
11-Sep-2024,"Liam Brown, Chloe Howard, Jack Murphy, Jackson Bennett, Alexander Wright, Jonathan Perry, Noah Robinson, Sofia Richardson, Isaac Price, Aria Lee, Natalie Sanders, Charles Coleman, Samuel Collins, Emily Coleman, Violet Gray, Sadie Diaz, Victoria King, Christopher Morgan, Hunter Barnes, Naomi Ward, Jacob Young, Julian Ramirez, Isabella Moore, Abigail Brooks, Daniel Bennett, Anthony Bell, Caleb Scott, Lillian Fisher, Zoey Russell, Leo Ross, Ellie Hughes, Madison Hayes, Gabriel Jenkins, Hazel Long, Stella Perry, Luna Sanders, Scarlett Rivera, Gabriella Cruz, Nathan Mitchell, Benjamin Harris, Joseph Griffin, Blake Carter, Patrick Reed, Andrew Stewart, Adam Simmons, Isaac Wright, Joshua Morris, Penelope Cook, Amelia Clark, Zachary Rogers, Elijah Turner, William Cooper, Caleb Jenkins, Thomas Phillips, Leah Lopez, Michael Scott, Charlotte Hill, Ella Reed, Henry Adams, Zoey Long, Olivia Martin, Charlotte Allen, James Carter, Mila Brooks, Owen Cox, Emily Johnson, Nora Ward, Ryan Peterson, Grace Bell, Luke Bryant, David Flores, Maya Porter, Samantha Chavez, Lucy Nguyen, Ava Mitchell, Christian Henderson, Dylan Powell, Matthew Foster, Harper Parker, Aaron Hayes, Sophia Lewis, Ethan Kelly, Bella Morales, Aiden Richardson, Hannah Butler, Harper Thompson, Mia Allen",PowerBI Training,participation.xlsx
12-Sep-2024,"Stella Perry, Lucy Nguyen, Aiden Richardson, Elijah Turner, Amelia Clark, Emily Johnson, Maya Porter, Natalie Sanders, Dylan Powell, Daniel Bennett, Isaac Price, Layla Cooper, Eleanor Barnes, Christian Henderson, Isabella Moore, Thomas Phillips, Zoey Long, Mia Allen, Olivia Martin, Sadie Diaz, Hannah Butler, Matthew Foster, Lily Ward, Blake Carter, Evelyn Baker, Alexander Wright, Ava Mitchell, Joshua Morris, Sophia Lewis, Michael Scott, Zoey Russell, Lily Phillips, Ella Reed, Luke Bryant, Grace Rodriguez, Isaac Wright, Harper Thompson, Scarlett Rivera, Ellie Hughes, Adam Simmons, Lillian Fisher, Henry Adams, Penelope Cook, Gabriella Cruz, Sebastian Carter, Naomi Ward, Samantha Chavez, Violet Gray, Aria Lee, Hunter Barnes, Caleb Scott, Charlotte Allen, Liam Brown, Bella Morales, Lucas Anderson, Leo Ross, Owen Cox, Emily Coleman, Ryan Peterson, Caleb Jenkins, Samuel Collins, Grace Bell, Carter Kim, Julian Ramirez, David Flores, Mila Brooks, Jayden Stewart, Ethan Kelly, William Cooper, Charles Coleman, Christopher Morgan, Leah Lopez, Chloe Howard, Noah Robinson, Joseph Griffin, Nora Ward, Harper Parker, James Carter, Nathan Mitchell, Ruby Hunter, Victoria King, Gabriel Jenkins, Jackson Bennett, Zachary Rogers, Madison Hayes, Jack Murphy, Jonathan Perry, Sofia Richardson, Benjamin Harris, Audrey Myers, Abigail Brooks, Andrew Stewart, Jacob Young, Hazel Long",PowerBI Training,participation.xlsx
13-Sep-2024,"Grace Bell, Charlotte Hill, Stella Perry, Julian Ramirez, Christian Henderson, Joseph Griffin, Hazel Long, Caleb Scott, Luna Sanders, Lucy Nguyen, Eleanor Barnes, Isabella Moore, Aiden Richardson, Madison Hayes, Charles Coleman, Penelope Cook, Aria Lee, Sofia Richardson, Matthew Foster, Chloe Howard, Ryan Peterson, Bella Morales, Sadie Diaz, Harper Thompson, Andrew Stewart, Naomi Ward, Lily Phillips, Zoey Long, Layla Cooper, David Flores, Thomas Phillips, Emily Coleman, Mila Brooks, Jonathan Perry, Anthony Bell, Sophia Lewis, Scarlett Rivera, Ella Reed, Jayden Stewart, Ellie Hughes, Ruby Hunter, Mia Allen, Leah Lopez, Hannah Butler, Harper Parker, Michael Scott, Elijah Turner, Nora Ward, Evelyn Baker, Liam Brown, Isaac Price, Violet Gray, Grace Rodriguez, Lillian Fisher, Adam Simmons, Emily Johnson, Jack Murphy, Natalie Sanders, Lily Ward, Caleb Jenkins, Daniel Bennett, Gabriella Cruz, Christopher Morgan, Abigail Brooks, Ava Mitchell, Ethan Kelly, Olivia Martin, Jacob Young, James Carter, Charlotte Allen, Blake Carter, Gabriel Jenkins, Amelia Clark, Leo Ross, Nathan Mitchell, Patrick Reed, Noah Robinson, Dominic Myers, Victoria King, Hunter Barnes, Samuel Collins, Henry Adams, Aaron Hayes",PowerBI Training,participation.xlsx
16-Sep-2024,"Blake Carter, Abigail Brooks, Luke Bryant, Lucy Nguyen, Sebastian Carter, Sophia Lewis, Violet Gray, Natalie Sanders, Mia Allen, Lillian Fisher, William Cooper, Elijah Turner, Dylan Powell, Lily Ward, Samantha Chavez, Patrick Reed, Ethan Kelly, Luna Sanders, Scarlett Rivera, Grace Bell, Hunter Barnes, Aiden Richardson, Victoria King, Benjamin Harris, Nora Ward, Lucas Anderson, Adam Simmons, Owen Cox, Gabriel Jenkins, Carter Kim, Ellie Hughes, Isaac Wright, Ryan Peterson, Sofia Richardson, Anthony Bell, Thomas Phillips, Jayden Stewart, Ella Reed, Hazel Long, Harper Parker, Chloe Howard, Harper Thompson, Emily Johnson, Zoey Long, Liam Brown, Dominic Myers, Ava Mitchell, Daniel Bennett, Lily Phillips, Joshua Morris, Zoey Russell, Zachary Rogers, Layla Cooper, Nathan Mitchell, Bella Morales, Samuel Collins, Christopher Morgan, Ruby Hunter, Jackson Bennett, Henry Adams, Eleanor Barnes, Stella Perry, David Flores, Isabella Moore, Leah Lopez, Charles Coleman, Grace Rodriguez, Jacob Young, Charlotte Hill, Olivia Martin, Sadie Diaz, Caleb Scott, Evelyn Baker, Audrey Myers, Julian Ramirez, James Carter, Aaron Hayes, Penelope Cook, Madison Hayes",PowerBI Training,participation.xlsx
17-Sep-2024,"Caleb Jenkins, Samantha Chavez, Emily Coleman, Owen Cox, Grace Bell, Zoey Russell, Maya Porter, Lucy Nguyen, Joseph Griffin, Emily Johnson, Lily Ward, Jacob Young, Jonathan Perry, Christopher Morgan, Henry Adams, Isaac Price, Ellie Hughes, Aiden Richardson, Grace Rodriguez, Nathan Mitchell, Layla Cooper, Penelope Cook, Hazel Long, Ryan Peterson, Amelia Clark, Nora Ward, David Flores, Harper Parker, Charlotte Hill, Jayden Stewart, Blake Carter, Charles Coleman, Madison Hayes, Dominic Myers, Patrick Reed, Lillian Fisher, Christian Henderson, Chloe Howard, Hunter Barnes, Jack Murphy, Sophia Lewis, James Carter, Matthew Foster, Lucas Anderson, Scarlett Rivera, Victoria King, Anthony Bell, Joshua Morris, Charlotte Allen, Lily Phillips, Michael Scott, Harper Thompson, Andrew Stewart, Gabriel Jenkins, Gabriella Cruz, Natalie Sanders, Isabella Moore, Carter Kim, Luna Sanders, Abigail Brooks, Dylan Powell, Alexander Wright, Sofia Richardson, Benjamin Harris, Evelyn Baker, Daniel Bennett, William Cooper, Sebastian Carter, Mia Allen, Ava Mitchell, Mila Brooks, Violet Gray, Leo Ross, Ella Reed",PowerBI Training,participation.xlsx
18-Sep-2024,"Isaac Price, Ellie Hughes, Joshua Morris, Grace Bell, Jacob Young, Jackson Bennett, Aiden Richardson, Charlotte Hill, James Carter, Abigail Brooks, Dominic Myers, Anthony Bell, Aaron Hayes, Matthew Foster, Bella Morales, Stella Perry, Joseph Griffin, Mila Brooks, Layla Cooper, Sebastian Carter, Hannah Butler, Scarlett Rivera, Ruby Hunter, Ava Mitchell, Victoria King, Jonathan Perry, Penelope Cook, Violet Gray, Gabriel Jenkins, Madison Hayes, Owen Cox, Lucy Nguyen, Chloe Howard, Christopher Morgan, Dylan Powell, Blake Carter, Sadie Diaz, Charles Coleman, Aria Lee, Ethan Kelly, Thomas Phillips, Gabriella Cruz, Charlotte Allen, Liam Brown, Leah Lopez, Leo Ross, Samantha Chavez, Mia Allen, Evelyn Baker, Christian Henderson, Olivia Martin, Ryan Peterson, Luna Sanders, Audrey Myers, Amelia Clark, Sophia Lewis, Jayden Stewart, Isabella Moore, Patrick Reed, Nathan Mitchell, William Cooper, Sofia Richardson, Emily Johnson, Andrew Stewart, Hunter Barnes, Harper Parker, Elijah Turner, Michael Scott, David Flores, Ella Reed, Naomi Ward, Zoey Russell, Caleb Scott, Henry Adams, Hazel Long",PowerBI Training,participation.xlsx
19-Sep-2024,"Dominic Myers, Samuel Collins, Ethan Kelly, Owen Cox, Sadie Diaz, Audrey Myers, Caleb Scott, Thomas Phillips, Scarlett Rivera, Eleanor Barnes, Violet Gray, Samantha Chavez, Adam Simmons, Jacob Young, Lily Phillips, Alexander Wright, Elijah Turner, Charles Coleman, Blake Carter, Patrick Reed, William Cooper, Lily Ward, Gabriella Cruz, Natalie Sanders, Matthew Foster, Zoey Russell, Andrew Stewart, Charlotte Hill, Luna Sanders, Mila Brooks, Victoria King, Anthony Bell, Mia Allen, Leo Ross, Michael Scott, Stella Perry, Harper Parker, Benjamin Harris, Harper Thompson, Joseph Griffin, Joshua Morris, Ella Reed, Maya Porter, Penelope Cook, Lucas Anderson, Naomi Ward, Charlotte Allen, Carter Kim, Hannah Butler, Nora Ward, Aria Lee, Evelyn Baker, Isaac Price, Caleb Jenkins, Sofia Richardson, Grace Bell, Emily Coleman, Grace Rodriguez, Leah Lopez, Ava Mitchell, Luke Bryant, Abigail Brooks, Ellie Hughes, Hunter Barnes, Layla Cooper, Christopher Morgan, Zachary Rogers, Jack Murphy, James Carter, Hazel Long, Bella Morales, Dylan Powell, Gabriel Jenkins, Ruby Hunter, Sebastian Carter",PowerBI Training,participation.xlsx
20-Sep-2024,"Zachary Rogers, Scarlett Rivera, Lucy Nguyen, Madison Hayes, Michael Scott, Thomas Phillips, Layla Cooper, Jonathan Perry, Violet Gray, Luke Bryant, Evelyn Baker, Joshua Morris, Harper Thompson, Sofia Richardson, Hazel Long, Jackson Bennett, Patrick Reed, Charlotte Allen, Emily Johnson, Jayden Stewart, Gabriel Jenkins, Grace Bell, Penelope Cook, Lillian Fisher, Andrew Stewart, William Cooper, Caleb Jenkins, Jack Murphy, Ryan Peterson, Nora Ward, Joseph Griffin, Charles Coleman, Eleanor Barnes, Isabella Moore, Adam Simmons, Victoria King, Ruby Hunter, Leah Lopez, Nathan Mitchell, Lily Ward, Alexander Wright, Sebastian Carter, Lily Phillips, David Flores, Aiden Richardson, Naomi Ward, Owen Cox, Caleb Scott, Natalie Sanders, Sophia Lewis, Amelia Clark, Hunter Barnes, Sadie Diaz, Grace Rodriguez, Abigail Brooks, Blake Carter, Stella Perry, Carter Kim, Aria Lee, Ella Reed, Leo Ross, Harper Parker, Emily Coleman, Daniel Bennett, Julian Ramirez, Bella Morales, Liam Brown, Maya Porter, Isaac Price, Aaron Hayes, James Carter, Ellie Hughes, Dominic Myers, Christian Henderson, Chloe Howard, Samuel Collins, Gabriella Cruz, Zoey Long, Charlotte Hill, Noah Robinson, Ethan Kelly, Isaac Wright, Ava Mitchell, Matthew Foster",PowerBI Training,participation.xlsx
23-Sep-2024,"Grace Bell, Jack Murphy, Jayden Stewart, Violet Gray, Gabriel Jenkins, David Flores, Owen Cox, Isaac Price, Emily Coleman, Benjamin Harris, Ethan Kelly, Andrew Stewart, Christopher Morgan, Samantha Chavez, Zachary Rogers, Eleanor Barnes, Matthew Foster, Amelia Clark, Liam Brown, Mila Brooks, Aaron Hayes, Charles Coleman, Carter Kim, Naomi Ward, Stella Perry, Alexander Wright, Audrey Myers, Chloe Howard, William Cooper, Luke Bryant, Maya Porter, Adam Simmons, Evelyn Baker, Elijah Turner, Lily Phillips, Ella Reed, Isabella Moore, Aiden Richardson, Sadie Diaz, Aria Lee, James Carter, Ruby Hunter, Dominic Myers, Lucy Nguyen, Penelope Cook, Lucas Anderson, Ryan Peterson, Leah Lopez, Scarlett Rivera, Ellie Hughes, Grace Rodriguez, Madison Hayes, Michael Scott, Nora Ward, Joshua Morris, Christian Henderson, Jonathan Perry, Abigail Brooks, Noah Robinson, Lily Ward, Hazel Long, Anthony Bell, Zoey Long, Ava Mitchell, Thomas Phillips, Nathan Mitchell, Jackson Bennett, Patrick Reed, Bella Morales, Harper Thompson, Sebastian Carter, Lillian Fisher, Isaac Wright, Zoey Russell, Caleb Scott, Gabriella Cruz, Olivia Martin, Hunter Barnes, Dylan Powell, Charlotte Hill, Joseph Griffin, Luna Sanders",PowerBI Training,participation.xlsx
24-Sep-2024,"Aria Lee, Isaac Wright, Harper Thompson, Olivia Martin, Layla Cooper, Leah Lopez, Victoria King, Anthony Bell, Christopher Morgan, Aaron Hayes, Leo Ross, Dominic Myers, Andrew Stewart, Emily Johnson, Maya Porter, Eleanor Barnes, Ellie Hughes, Evelyn Baker, Jonathan Perry, Patrick Reed, Hazel Long, Natalie Sanders, James Carter, Sebastian Carter, Alexander Wright, Sofia Richardson, Charles Coleman, Grace Rodriguez, Jacob Young, Mila Brooks, Henry Adams, Christian Henderson, Bella Morales, Isaac Price, Joshua Morris, Matthew Foster, Lillian Fisher, Gabriella Cruz, Benjamin Harris, Sophia Lewis, Charlotte Allen, Michael Scott, Julian Ramirez, Charlotte Hill, Caleb Jenkins, Luna Sanders, Elijah Turner, Mia Allen, Penelope Cook, Amelia Clark, Jackson Bennett, Daniel Bennett, Ella Reed, Harper Parker, Aiden Richardson, Adam Simmons, Lucy Nguyen, Madison Hayes, Nathan Mitchell, Grace Bell, Nora Ward, Violet Gray, William Cooper, Hannah Butler, Samantha Chavez, Dylan Powell, Lily Phillips, Zachary Rogers, David Flores, Jack Murphy, Audrey Myers, Caleb Scott, Isabella Moore, Abigail Brooks, Thomas Phillips, Zoey Long",PowerBI Training,participation.xlsx
25-Sep-2024,"Charles Coleman, Zoey Russell, Zachary Rogers, Abigail Brooks, Hazel Long, Noah Robinson, Bella Morales, Ava Mitchell, Caleb Scott, Joshua Morris, David Flores, Dylan Powell, Grace Bell, Evelyn Baker, Ella Reed, Sophia Lewis, Sebastian Carter, Elijah Turner, Nathan Mitchell, Matthew Foster, Julian Ramirez, Sadie Diaz, Lily Ward, Charlotte Allen, Charlotte Hill, Maya Porter, Lillian Fisher, Dominic Myers, Jonathan Perry, Leah Lopez, Ruby Hunter, Anthony Bell, Hunter Barnes, Stella Perry, Michael Scott, Audrey Myers, Victoria King, Natalie Sanders, Chloe Howard, Aiden Richardson, Lucas Anderson, Joseph Griffin, Christian Henderson, Jackson Bennett, Aaron Hayes, James Carter, Madison Hayes, Owen Cox, Andrew Stewart, Lily Phillips, Olivia Martin, Adam Simmons, Nora Ward, Scarlett Rivera, Jayden Stewart, Layla Cooper, Eleanor Barnes, Ethan Kelly, Hannah Butler, Henry Adams, Emily Johnson, Caleb Jenkins, Aria Lee, Isabella Moore, Naomi Ward, Mia Allen, Gabriel Jenkins, Zoey Long, Isaac Price, Harper Thompson, William Cooper, Alexander Wright, Ryan Peterson, Samuel Collins, Gabriella Cruz, Blake Carter, Jack Murphy, Jacob Young, Christopher Morgan, Emily Coleman, Liam Brown, Daniel Bennett, Benjamin Harris, Luna Sanders, Samantha Chavez, Carter Kim, Isaac Wright, Luke Bryant, Mila Brooks, Sofia Richardson, Leo Ross, Thomas Phillips, Amelia Clark, Harper Parker, Violet Gray",PowerBI Training,participation.xlsx
26-Sep-2024,"Caleb Jenkins, Isaac Wright, Aiden Richardson, Owen Cox, Isabella Moore, Lucy Nguyen, Grace Rodriguez, Christian Henderson, Ellie Hughes, Jack Murphy, Lucas Anderson, Anthony Bell, Maya Porter, Ella Reed, Charlotte Hill, Violet Gray, Grace Bell, Harper Parker, Bella Morales, Scarlett Rivera, Ava Mitchell, Thomas Phillips, Dominic Myers, Nathan Mitchell, Hannah Butler, Stella Perry, Luke Bryant, Luna Sanders, Eleanor Barnes, Ethan Kelly, Charles Coleman, Natalie Sanders, William Cooper, Emily Coleman, Jonathan Perry, Madison Hayes, Andrew Stewart, Joshua Morris, Zoey Russell, Sadie Diaz, Patrick Reed, Julian Ramirez, Noah Robinson, Adam Simmons, Henry Adams, David Flores, Caleb Scott, Isaac Price, Nora Ward, Hazel Long, Ruby Hunter, Charlotte Allen, Sofia Richardson, Audrey Myers, Zoey Long, Jacob Young, Harper Thompson, Layla Cooper, Samantha Chavez, Christopher Morgan, Hunter Barnes, Aria Lee, Abigail Brooks, Samuel Collins, Lily Phillips, Dylan Powell, Jayden Stewart, Emily Johnson, Elijah Turner, Evelyn Baker, Carter Kim, James Carter, Olivia Martin, Sophia Lewis, Joseph Griffin, Mila Brooks, Leo Ross, Penelope Cook, Ryan Peterson, Benjamin Harris, Michael Scott, Victoria King, Mia Allen, Zachary Rogers, Lily Ward",PowerBI Training,participation.xlsx
27-Sep-2024,"Andrew Stewart, Charlotte Allen, Samantha Chavez, Hannah Butler, Bella Morales, Victoria King, Luna Sanders, Mia Allen, Lillian Fisher, Matthew Foster, Isabella Moore, Scarlett Rivera, Grace Rodriguez, Sofia Richardson, Emily Johnson, Chloe Howard, Layla Cooper, Aria Lee, Eleanor Barnes, Alexander Wright, Ruby Hunter, Penelope Cook, Emily Coleman, Noah Robinson, Lucy Nguyen, Adam Simmons, Jacob Young, Amelia Clark, David Flores, Lily Ward, Ryan Peterson, Jackson Bennett, Caleb Jenkins, Isaac Wright, Sebastian Carter, Patrick Reed, Elijah Turner, Gabriella Cruz, Jonathan Perry, James Carter, Lucas Anderson, Violet Gray, Michael Scott, Sophia Lewis, Ellie Hughes, Abigail Brooks, Leah Lopez, Joshua Morris, Dylan Powell, Nora Ward, Olivia Martin, Leo Ross, Thomas Phillips, Christian Henderson, Liam Brown, Zoey Russell, Jack Murphy, Grace Bell, Mila Brooks, Hunter Barnes, Aiden Richardson, Ava Mitchell, Gabriel Jenkins, Ella Reed, Charlotte Hill, Carter Kim, Harper Parker, Audrey Myers, Julian Ramirez, Luke Bryant, Hazel Long, Henry Adams, Sadie Diaz, William Cooper, Maya Porter, Ethan Kelly, Isaac Price, Daniel Bennett, Jayden Stewart, Harper Thompson, Evelyn Baker, Blake Carter, Caleb Scott, Anthony Bell, Benjamin Harris, Madison Hayes, Lily Phillips, Christopher Morgan, Natalie Sanders, Zachary Rogers, Zoey Long, Samuel Collins, Stella Perry, Aaron Hayes",PowerBI Training,participation.xlsx
30-Sep-2024,"Christian Henderson, Charlotte Allen, Samantha Chavez, Jayden Stewart, Harper Thompson, Ethan Kelly, Violet Gray, Elijah Turner, Jackson Bennett, Carter Kim, Ava Mitchell, Charlotte Hill, Julian Ramirez, Zoey Long, Lily Ward, Amelia Clark, Dylan Powell, Caleb Scott, Gabriella Cruz, Aaron Hayes, Henry Adams, Dominic Myers, Ella Reed, Mia Allen, Thomas Phillips, Alexander Wright, Naomi Ward, Hannah Butler, Nathan Mitchell, Penelope Cook, Chloe Howard, Jacob Young, Lucas Anderson, Hunter Barnes, Matthew Foster, Victoria King, Zachary Rogers, Liam Brown, Leo Ross, Caleb Jenkins, Mila Brooks, Sofia Richardson, Michael Scott, Sebastian Carter, Grace Bell, Luke Bryant, Stella Perry, Natalie Sanders, Benjamin Harris, Bella Morales, Samuel Collins, Eleanor Barnes, Abigail Brooks, Zoey Russell, Owen Cox, Madison Hayes, Evelyn Baker, Emily Coleman, Emily Johnson, Ruby Hunter, Lucy Nguyen, Audrey Myers, Patrick Reed, Leah Lopez, Jonathan Perry, Nora Ward, Jack Murphy, Layla Cooper, Ryan Peterson, Ellie Hughes, Maya Porter, Christopher Morgan, William Cooper, Hazel Long, Isaac Wright, Gabriel Jenkins, Joseph Griffin, Joshua Morris, Charles Coleman, Grace Rodriguez, Olivia Martin, Harper Parker, David Flores, Noah Robinson, Isabella Moore, Aria Lee, Blake Carter, Isaac Price, Adam Simmons, Anthony Bell, James Carter, Luna Sanders, Daniel Bennett, Scarlett Rivera",PowerBI Training,participation.xlsx
01-Oct-2024,"Benjamin Harris, Liam Brown, Jayden Stewart, Emily Johnson, Jacob Young, Grace Rodriguez, Alexander Wright, Eleanor Barnes, Aiden Richardson, Ellie Hughes, Henry Adams, Luna Sanders, Julian Ramirez, Lillian Fisher, Caleb Scott, Natalie Sanders, Sadie Diaz, Aaron Hayes, Dylan Powell, Noah Robinson, Gabriella Cruz, Amelia Clark, Christopher Morgan, Lily Phillips, Leo Ross, Aria Lee, Sophia Lewis, Sebastian Carter, Isabella Moore, Joseph Griffin, Mila Brooks, Evelyn Baker, Jackson Bennett, Thomas Phillips, Harper Thompson, Samantha Chavez, Luke Bryant, Patrick Reed, Scarlett Rivera, Isaac Wright, Grace Bell, Anthony Bell, Carter Kim, Leah Lopez, Lucas Anderson, William Cooper, Zachary Rogers, Owen Cox, Ava Mitchell, Ryan Peterson, Zoey Russell, Audrey Myers, Dominic Myers, Abigail Brooks, Adam Simmons, Lucy Nguyen, Elijah Turner, Zoey Long, Blake Carter, Christian Henderson, James Carter, Hannah Butler, Jonathan Perry, Lily Ward, Samuel Collins, Charlotte Hill, Daniel Bennett, Hazel Long, Harper Parker, Sofia Richardson, David Flores, Charlotte Allen, Matthew Foster, Maya Porter, Ella Reed, Olivia Martin, Hunter Barnes",PowerBI Training,participation.xlsx
02-Oct-2024,"Ella Reed, Michael Scott, Stella Perry, Leah Lopez, Lily Ward, Ryan Peterson, Charles Coleman, Lily Phillips, Victoria King, Lucy Nguyen, Jack Murphy, Charlotte Allen, Naomi Ward, Aaron Hayes, Abigail Brooks, Christopher Morgan, Gabriella Cruz, David Flores, Emily Johnson, Madison Hayes, Ethan Kelly, Blake Carter, Jonathan Perry, Sebastian Carter, Joshua Morris, Matthew Foster, Thomas Phillips, Hunter Barnes, Samantha Chavez, Nathan Mitchell, Violet Gray, Grace Bell, Elijah Turner, Penelope Cook, Audrey Myers, Julian Ramirez, Grace Rodriguez, Zoey Long, Jacob Young, Ruby Hunter, Harper Parker, Anthony Bell, Dylan Powell, Jayden Stewart, Benjamin Harris, James Carter, Isaac Wright, Daniel Bennett, Jackson Bennett, Ellie Hughes, Zoey Russell, Olivia Martin, Scarlett Rivera, Carter Kim, Ava Mitchell, Lillian Fisher, Luna Sanders, Evelyn Baker, Amelia Clark, Mia Allen, Zachary Rogers, Sadie Diaz, Alexander Wright, Adam Simmons, Liam Brown, Chloe Howard, Sophia Lewis, Charlotte Hill, Hannah Butler, Natalie Sanders, Dominic Myers, Isabella Moore, Luke Bryant, Isaac Price, Sofia Richardson, Emily Coleman, Noah Robinson, Mila Brooks, Christian Henderson, Nora Ward, William Cooper, Maya Porter, Lucas Anderson, Joseph Griffin, Gabriel Jenkins, Leo Ross, Eleanor Barnes, Bella Morales, Caleb Scott",PowerBI Training,participation.xlsx
03-Oct-2024,"Mila Brooks, Ryan Peterson, Lily Ward, Gabriel Jenkins, Carter Kim, Thomas Phillips, Stella Perry, Luna Sanders, Aria Lee, Amelia Clark, Charles Coleman, Lillian Fisher, Ava Mitchell, Dominic Myers, Jackson Bennett, Victoria King, Ellie Hughes, Jayden Stewart, Zachary Rogers, Sophia Lewis, Dylan Powell, Grace Rodriguez, Evelyn Baker, Sofia Richardson, Benjamin Harris, Lily Phillips, Elijah Turner, Owen Cox, Zoey Long, Adam Simmons, Patrick Reed, Abigail Brooks, Scarlett Rivera, Grace Bell, Sadie Diaz, Zoey Russell, Maya Porter, Charlotte Allen, Julian Ramirez, Audrey Myers, Aiden Richardson, Nora Ward, James Carter, Leah Lopez, Anthony Bell, Caleb Scott, David Flores, Liam Brown, Alexander Wright, Naomi Ward, Eleanor Barnes, Olivia Martin, Michael Scott, Jack Murphy, Madison Hayes, Hannah Butler, Emily Coleman, Matthew Foster, Bella Morales, Noah Robinson, Christopher Morgan, Samantha Chavez, Mia Allen, Hunter Barnes, Lucas Anderson, Chloe Howard, Andrew Stewart, Ella Reed, Jacob Young, Emily Johnson, Lucy Nguyen, Isabella Moore, Joseph Griffin, Isaac Wright, Charlotte Hill, Natalie Sanders, Penelope Cook, Hazel Long, Nathan Mitchell, Isaac Price, Ruby Hunter, Daniel Bennett, Ethan Kelly",PowerBI Training,participation.xlsx
04-Oct-2024,"Maya Porter, Nora Ward, Harper Thompson, Hunter Barnes, Alexander Wright, Naomi Ward, Elijah Turner, Stella Perry, Liam Brown, Emily Johnson, Michael Scott, Sadie Diaz, Nathan Mitchell, Charlotte Allen, James Carter, Aria Lee, Leo Ross, Bella Morales, Owen Cox, Christian Henderson, Harper Parker, Carter Kim, Ethan Kelly, Jacob Young, Daniel Bennett, Thomas Phillips, Aaron Hayes, Caleb Scott, Olivia Martin, Sebastian Carter, Joseph Griffin, Mia Allen, Gabriella Cruz, Layla Cooper, Lily Ward, Mila Brooks, Gabriel Jenkins, Chloe Howard, Caleb Jenkins, Grace Rodriguez, Audrey Myers, Anthony Bell, Benjamin Harris, Lucas Anderson, Matthew Foster, Henry Adams, Isaac Price, Lillian Fisher, Victoria King, Zoey Russell, Jack Murphy, Charlotte Hill, Madison Hayes, Leah Lopez, Ellie Hughes, Scarlett Rivera, Violet Gray, Emily Coleman, Ryan Peterson, Samuel Collins, Jayden Stewart, Adam Simmons, Isabella Moore, Amelia Clark, Luna Sanders, Samantha Chavez, Joshua Morris, William Cooper, Zoey Long, Ella Reed, Lily Phillips, Eleanor Barnes, Patrick Reed, Evelyn Baker, Charles Coleman, Ava Mitchell, Abigail Brooks, Blake Carter, Penelope Cook, Christopher Morgan",PowerBI Training,participation.xlsx
07-Oct-2024,"Luke Bryant, Benjamin Harris, Sofia Richardson, Sebastian Carter, Eleanor Barnes, Audrey Myers, Isaac Price, Samantha Chavez, Harper Parker, Hannah Butler, Mia Allen, Dylan Powell, Ava Mitchell, Emily Johnson, Jayden Stewart, Bella Morales, Leo Ross, Ryan Peterson, Lillian Fisher, Abigail Brooks, Luna Sanders, Sadie Diaz, Christopher Morgan, Charlotte Allen, Layla Cooper, Gabriella Cruz, Lucas Anderson, Daniel Bennett, Hunter Barnes, William Cooper, Alexander Wright, Chloe Howard, Nathan Mitchell, Matthew Foster, Harper Thompson, Madison Hayes, Nora Ward, Aaron Hayes, Zoey Long, Ethan Kelly, Leah Lopez, Noah Robinson, Violet Gray, Hazel Long, Caleb Scott, Julian Ramirez, Elijah Turner, Jonathan Perry, James Carter, Aiden Richardson, Joseph Griffin, Charles Coleman, Jack Murphy, Maya Porter, Patrick Reed, Ellie Hughes, Dominic Myers, Ella Reed, Isabella Moore, Michael Scott, Scarlett Rivera, Amelia Clark, Caleb Jenkins, Grace Rodriguez, Adam Simmons, Thomas Phillips, Liam Brown, Blake Carter, Anthony Bell, Joshua Morris, Stella Perry, David Flores, Natalie Sanders, Isaac Wright, Aria Lee, Lily Phillips, Olivia Martin, Evelyn Baker, Samuel Collins, Owen Cox, Carter Kim, Lucy Nguyen, Henry Adams, Ruby Hunter, Emily Coleman, Sophia Lewis, Christian Henderson, Jackson Bennett",PowerBI Training,participation.xlsx
08-Oct-2024,"David Flores, Lucas Anderson, Harper Thompson, Nathan Mitchell, Emily Johnson, Zoey Long, Sofia Richardson, Caleb Scott, Ellie Hughes, Charlotte Allen, Caleb Jenkins, Joseph Griffin, Victoria King, Jacob Young, Liam Brown, Dylan Powell, Sophia Lewis, Ethan Kelly, Luna Sanders, Owen Cox, Samantha Chavez, Benjamin Harris, Noah Robinson, Zachary Rogers, Olivia Martin, Naomi Ward, Maya Porter, James Carter, Ava Mitchell, Lucy Nguyen, Layla Cooper, Leo Ross, Natalie Sanders, Joshua Morris, Sebastian Carter, Jackson Bennett, Elijah Turner, Bella Morales, Zoey Russell, Henry Adams, Evelyn Baker, Violet Gray, Harper Parker, Hazel Long, Emily Coleman, Gabriel Jenkins, Charles Coleman, William Cooper, Isabella Moore, Matthew Foster, Aiden Richardson, Sadie Diaz, Blake Carter, Leah Lopez, Grace Rodriguez, Michael Scott, Ella Reed, Adam Simmons, Grace Bell, Chloe Howard, Daniel Bennett, Mia Allen, Aaron Hayes, Abigail Brooks, Carter Kim, Gabriella Cruz, Samuel Collins, Audrey Myers, Jayden Stewart, Madison Hayes, Isaac Wright, Andrew Stewart, Dominic Myers, Hannah Butler, Lily Ward, Penelope Cook, Isaac Price, Christopher Morgan, Thomas Phillips, Hunter Barnes, Lily Phillips, Alexander Wright, Ruby Hunter, Ryan Peterson, Eleanor Barnes, Jack Murphy, Nora Ward, Patrick Reed, Charlotte Hill, Julian Ramirez, Amelia Clark, Stella Perry, Anthony Bell, Scarlett Rivera, Mila Brooks, Jonathan Perry, Christian Henderson, Aria Lee, Luke Bryant, Lillian Fisher",PowerBI Training,participation.xlsx
09-Oct-2024,"Dylan Powell, Zoey Long, Victoria King, Caleb Jenkins, Sofia Richardson, Daniel Bennett, Thomas Phillips, Gabriella Cruz, Henry Adams, Natalie Sanders, Elijah Turner, Ellie Hughes, Luke Bryant, Aiden Richardson, Lucy Nguyen, Charlotte Hill, Amelia Clark, Sadie Diaz, Samuel Collins, Evelyn Baker, Hunter Barnes, Jacob Young, Nathan Mitchell, Sebastian Carter, Alexander Wright, Madison Hayes, Christopher Morgan, Harper Parker, Joshua Morris, Ruby Hunter, Leah Lopez, Naomi Ward, Bella Morales, Maya Porter, Noah Robinson, Patrick Reed, Isabella Moore, Adam Simmons, Olivia Martin, Aaron Hayes, Nora Ward, Hazel Long, Michael Scott, Charlotte Allen, Ryan Peterson, Isaac Wright, Zachary Rogers, Joseph Griffin, Matthew Foster, Julian Ramirez, Benjamin Harris, Violet Gray, Caleb Scott, Anthony Bell, Blake Carter, Sophia Lewis, Isaac Price, Grace Bell, Penelope Cook, Scarlett Rivera, Lily Phillips, Emily Johnson, Charles Coleman, James Carter, Emily Coleman, Ella Reed, Jayden Stewart, Ethan Kelly, Jackson Bennett, Aria Lee, Mia Allen, Samantha Chavez, Liam Brown, Mila Brooks, Leo Ross, Grace Rodriguez, Luna Sanders, Eleanor Barnes, Christian Henderson, Ava Mitchell, Gabriel Jenkins, David Flores, Lillian Fisher, Chloe Howard, Owen Cox, Stella Perry, Jonathan Perry, William Cooper, Layla Cooper, Lucas Anderson, Dominic Myers, Abigail Brooks, Audrey Myers, Jack Murphy",PowerBI Training,participation.xlsx
10-Oct-2024,"Liam Brown, Julian Ramirez, Joshua Morris, Noah Robinson, Christian Henderson, Zachary Rogers, Dylan Powell, Carter Kim, Leo Ross, Elijah Turner, Sofia Richardson, Hannah Butler, Aria Lee, Harper Thompson, Evelyn Baker, Ava Mitchell, Jonathan Perry, Michael Scott, Jack Murphy, James Carter, Samuel Collins, Andrew Stewart, Olivia Martin, Luna Sanders, Charlotte Allen, Gabriella Cruz, Owen Cox, Isaac Price, Caleb Scott, Grace Bell, Hunter Barnes, Zoey Russell, Nora Ward, Lucy Nguyen, Ryan Peterson, Aiden Richardson, Sophia Lewis, Audrey Myers, Leah Lopez, Dominic Myers, Matthew Foster, Patrick Reed, Grace Rodriguez, Ella Reed, Scarlett Rivera, Madison Hayes, Hazel Long, Chloe Howard, Joseph Griffin, Emily Johnson, Isabella Moore, Harper Parker, Charlotte Hill, Gabriel Jenkins, Sadie Diaz, Blake Carter, Anthony Bell, Layla Cooper, Christopher Morgan, William Cooper, Benjamin Harris, Mia Allen, Jacob Young, Sebastian Carter, Mila Brooks, Abigail Brooks, Ellie Hughes, Violet Gray, Lily Phillips, Ethan Kelly, Isaac Wright, Eleanor Barnes, Stella Perry, Victoria King, Alexander Wright, Ruby Hunter, Luke Bryant",PowerBI Training,participation.xlsx
11-Oct-2024,"Maya Porter, Daniel Bennett, Aiden Richardson, Caleb Jenkins, Sebastian Carter, Henry Adams, Grace Bell, Thomas Phillips, Adam Simmons, James Carter, David Flores, Sofia Richardson, Aria Lee, Joseph Griffin, Jacob Young, Lucas Anderson, Jayden Stewart, Patrick Reed, Andrew Stewart, Ella Reed, Scarlett Rivera, Luke Bryant, Penelope Cook, Harper Parker, Ruby Hunter, Bella Morales, Carter Kim, Lucy Nguyen, Nora Ward, Jonathan Perry, Charlotte Hill, Leah Lopez, Aaron Hayes, Jack Murphy, Lily Phillips, Charles Coleman, Isaac Wright, Liam Brown, Emily Coleman, Anthony Bell, Hunter Barnes, Gabriella Cruz, Zoey Long, Christopher Morgan, Eleanor Barnes, Isabella Moore, Elijah Turner, Luna Sanders, Olivia Martin, Michael Scott, Dominic Myers, Samantha Chavez, Abigail Brooks, Emily Johnson, Naomi Ward, Harper Thompson, Evelyn Baker, Audrey Myers, Amelia Clark, Zachary Rogers, Victoria King, Owen Cox, Zoey Russell, Nathan Mitchell, Gabriel Jenkins, Matthew Foster, Caleb Scott, Blake Carter, Sophia Lewis, Sadie Diaz, Isaac Price, Ellie Hughes, Jackson Bennett",PowerBI Training,participation.xlsx
